Type,Date,Part of a policing operation,Policing operation,Latitude,Longitude,Gender,Age range,Self-defined ethnicity,Officer-defined ethnicity,Legislation,Object of search,Outcome,Outcome linked to object of search,Removal of more than just outer clothing
Person search,2018-12-01T14:12:00+00:00,,,53.986185,-1.559737,Male,10-17,Other ethnic group - Not stated,,Misuse of Drugs Act 1971 (section 23),,Arrest,True,
Person search,2018-12-01T14:12:00+00:00,,,53.995022,-1.557798,Male,10-17,White - English/Welsh/Scottish/Northern Irish/British,White,Misuse of Drugs Act 1971 (section 23),Controlled drugs,A no further action disposal,,
Person search,2018-12-02T21:12:00+00:00,,,53.958910,-1.080451,Male,over 34,White - English/Welsh/Scottish/Northern Irish/British,White,Police and Criminal Evidence Act 1984 (section 1),Offensive weapons,A no further action disposal,,
Person search,2018-12-03T06:12:00+00:00,,,53.983304,-1.548803,Female,10-17,White - English/Welsh/Scottish/Northern Irish/British,White,Police and Criminal Evidence Act 1984 (section 1),Articles for use in criminal damage,A no further action disposal,,
Person search,2018-12-03T06:12:00+00:00,,,53.983304,-1.548803,Male,18-24,White - English/Welsh/Scottish/Northern Irish/British,White,Police and Criminal Evidence Act 1984 (section 1),Stolen goods,A no further action disposal,,
Person search,2018-12-03T12:12:00+00:00,,,54.280762,-0.404391,Male,over 34,Other ethnic group - Not stated,White,Misuse of Drugs Act 1971 (section 23),Controlled drugs,A no further action disposal,,
Person search,2018-12-03T12:12:00+00:00,,,54.280762,-0.404391,Male,over 34,Other ethnic group - Not stated,White,Misuse of Drugs Act 1971 (section 23),Controlled drugs,A no further action disposal,,
Person search,2018-12-03T12:12:00+00:00,,,54.280762,-0.404391,Male,over 34,Other ethnic group - Not stated,White,Misuse of Drugs Act 1971 (section 23),Controlled drugs,A no further action disposal,,
Person search,2018-12-03T15:12:00+00:00,,,53.993227,-1.537043,Male,over 34,White - English/Welsh/Scottish/Northern Irish/British,White,Misuse of Drugs Act 1971 (section 23),Controlled drugs,A no further action disposal,,
Person search,2018-12-03T15:12:00+00:00,,,53.994322,-1.541424,Male,25-34,White - English/Welsh/Scottish/Northern Irish/British,White,Misuse of Drugs Act 1971 (section 23),Controlled drugs,A no further action disposal,,
Person search,2018-12-03T15:12:00+00:00,,,53.998214,-1.536804,Male,over 34,White - English/Welsh/Scottish/Northern Irish/British,White,Misuse of Drugs Act 1971 (section 23),Controlled drugs,Khat or Cannabis warning,True,
Person search,2018-12-03T17:12:00+00:00,,,54.228133,-0.582580,Female,18-24,White - English/Welsh/Scottish/Northern Irish/British,White,Misuse of Drugs Act 1971 (section 23),Controlled drugs,A no further action disposal,,
Person search,2018-12-03T20:12:00+00:00,,,53.916427,-2.012067,Male,18-24,White - English/Welsh/Scottish/Northern Irish/British,White,Misuse of Drugs Act 1971 (section 23),,A no further action disposal,,
Person and Vehicle search,2018-12-03T23:12:00+00:00,,,53.811921,-1.343797,Female,25-34,White - English/Welsh/Scottish/Northern Irish/British,White,Misuse of Drugs Act 1971 (section 23),,A no further action disposal,True,
Person and Vehicle search,2018-12-03T23:12:00+00:00,,,53.811921,-1.343797,Female,25-34,White - English/Welsh/Scottish/Northern Irish/British,White,Misuse of Drugs Act 1971 (section 23),,Khat or Cannabis warning,True,
Person search,2018-12-04T13:12:00+00:00,,,54.283981,-0.402469,Male,25-34,Other ethnic group - Not stated,White,Police and Criminal Evidence Act 1984 (section 1),Stolen goods,A no further action disposal,False,
Person search,2018-12-04T16:12:00+00:00,,,53.991404,-1.537505,Female,25-34,White - English/Welsh/Scottish/Northern Irish/British,White,Misuse of Drugs Act 1971 (section 23),,A no further action disposal,,
Person search,2018-12-04T16:12:00+00:00,,,53.991404,-1.537505,Male,25-34,Other ethnic group - Not stated,White,Misuse of Drugs Act 1971 (section 23),,A no further action disposal,,
Person search,2018-12-05T07:12:00+00:00,,,53.802044,-1.253230,Male,over 34,White - English/Welsh/Scottish/Northern Irish/British,White,Police and Criminal Evidence Act 1984 (section 1),Stolen goods,A no further action disposal,,
Person search,2018-12-05T07:12:00+00:00,,,53.802044,-1.253230,Male,18-24,White - English/Welsh/Scottish/Northern Irish/British,White,Police and Criminal Evidence Act 1984 (section 1),Stolen goods,A no further action disposal,,
Person search,2018-12-05T15:12:00+00:00,,,53.998365,-1.536223,Male,over 34,White - English/Welsh/Scottish/Northern Irish/British,White,Misuse of Drugs Act 1971 (section 23),Controlled drugs,Arrest,True,
Person search,2018-12-05T15:12:00+00:00,,,53.998365,-1.536223,Male,over 34,White - English/Welsh/Scottish/Northern Irish/British,White,Misuse of Drugs Act 1971 (section 23),Controlled drugs,A no further action disposal,,
Person search,2018-12-05T17:12:00+00:00,,,53.998365,-1.536223,Male,over 34,White - English/Welsh/Scottish/Northern Irish/British,White,Misuse of Drugs Act 1971 (section 23),,A no further action disposal,,
Person and Vehicle search,2018-12-07T01:12:00+00:00,,,53.954404,-1.053363,Male,25-34,White - English/Welsh/Scottish/Northern Irish/British,White,Misuse of Drugs Act 1971 (section 23),,A no further action disposal,,
Person search,2018-12-07T12:12:00+00:00,,,54.279884,-0.406698,Male,18-24,White - English/Welsh/Scottish/Northern Irish/British,White,Misuse of Drugs Act 1971 (section 23),Controlled drugs,A no further action disposal,,
Person search,2018-12-07T14:12:00+00:00,,,53.998365,-1.536223,Male,25-34,White - English/Welsh/Scottish/Northern Irish/British,White,Misuse of Drugs Act 1971 (section 23),,A no further action disposal,,
Person search,2018-12-07T15:12:00+00:00,,,53.978352,-1.568480,Male,over 34,White - English/Welsh/Scottish/Northern Irish/British,White,Misuse of Drugs Act 1971 (section 23),Controlled drugs,A no further action disposal,,
Person search,2018-12-07T15:12:00+00:00,,,53.992074,-1.538657,Male,over 34,White - English/Welsh/Scottish/Northern Irish/British,White,Misuse of Drugs Act 1971 (section 23),Controlled drugs,A no further action disposal,,
Person search,2018-12-07T15:12:00+00:00,,,54.232502,-1.330089,Male,25-34,White - English/Welsh/Scottish/Northern Irish/British,White,Police and Criminal Evidence Act 1984 (section 1),Stolen goods,A no further action disposal,,
Person and Vehicle search,2018-12-07T17:12:00+00:00,,,53.760600,-1.251902,Male,25-34,White - English/Welsh/Scottish/Northern Irish/British,White,Misuse of Drugs Act 1971 (section 23),,A no further action disposal,,
Person search,2018-12-07T23:12:00+00:00,,,54.003060,-1.534783,Male,10-17,White - English/Welsh/Scottish/Northern Irish/British,White,Misuse of Drugs Act 1971 (section 23),Controlled drugs,A no further action disposal,False,
Person search,2018-12-07T23:12:00+00:00,,,54.000393,-1.539999,Male,10-17,White - English/Welsh/Scottish/Northern Irish/British,White,Misuse of Drugs Act 1971 (section 23),Controlled drugs,Arrest,True,
Person and Vehicle search,2018-12-08T10:12:00+00:00,,,53.961812,-1.068651,Male,25-34,White - English/Welsh/Scottish/Northern Irish/British,White,Misuse of Drugs Act 1971 (section 23),,Khat or Cannabis warning,True,
Person and Vehicle search,2018-12-08T10:12:00+00:00,,,53.961812,-1.068651,Male,18-24,White - English/Welsh/Scottish/Northern Irish/British,White,Misuse of Drugs Act 1971 (section 23),,A no further action disposal,,
Person and Vehicle search,2018-12-08T21:12:00+00:00,,,54.292212,-0.409065,Male,18-24,White - English/Welsh/Scottish/Northern Irish/British,White,Misuse of Drugs Act 1971 (section 23),,A no further action disposal,,
Person and Vehicle search,2018-12-08T21:12:00+00:00,,,54.292212,-0.409065,,18-24,White - English/Welsh/Scottish/Northern Irish/British,White,Misuse of Drugs Act 1971 (section 23),,A no further action disposal,,
Person search,2018-12-09T21:12:00+00:00,,,54.122695,-1.198348,Male,18-24,White - English/Welsh/Scottish/Northern Irish/British,White,Misuse of Drugs Act 1971 (section 23),,A no further action disposal,False,
Person search,2018-12-09T21:12:00+00:00,,,54.119773,-1.190097,Male,over 34,White - English/Welsh/Scottish/Northern Irish/British,White,Police and Criminal Evidence Act 1984 (section 1),Stolen goods,A no further action disposal,,
Person search,2018-12-09T22:12:00+00:00,,,53.995606,-1.500514,Male,18-24,Other ethnic group - Not stated,White,,,A no further action disposal,,
Person search,2018-12-09T23:12:00+00:00,,,53.928018,-1.116432,Male,over 34,White - Any other White background,White,Police and Criminal Evidence Act 1984 (section 1),Offensive weapons,A no further action disposal,,
Person search,2018-12-10T00:12:00+00:00,,,53.924215,-1.126045,Female,18-24,White - English/Welsh/Scottish/Northern Irish/British,White,Police and Criminal Evidence Act 1984 (section 1),Stolen goods,A no further action disposal,,
Person search,2018-12-10T00:12:00+00:00,,,53.924215,-1.126045,Male,18-24,White - English/Welsh/Scottish/Northern Irish/British,White,Police and Criminal Evidence Act 1984 (section 1),Article for use in theft,A no further action disposal,,
Person search,2018-12-10T04:12:00+00:00,,,53.992683,-1.542875,Male,over 34,Other ethnic group - Not stated,White,Police and Criminal Evidence Act 1984 (section 1),Stolen goods,A no further action disposal,,
Person search,2018-12-10T11:12:00+00:00,,,53.956204,-1.119966,Male,over 34,White - English/Welsh/Scottish/Northern Irish/British,White,Police and Criminal Evidence Act 1984 (section 1),Offensive weapons,A no further action disposal,,
Person search,2018-12-10T15:12:00+00:00,,,53.933010,-1.070434,Male,10-17,White - English/Welsh/Scottish/Northern Irish/British,White,Police and Criminal Evidence Act 1984 (section 1),Stolen goods,A no further action disposal,False,
Person search,2018-12-10T15:12:00+00:00,,,53.933010,-1.070434,Male,10-17,White - English/Welsh/Scottish/Northern Irish/British,White,Police and Criminal Evidence Act 1984 (section 1),Stolen goods,A no further action disposal,,
Person search,2018-12-10T19:12:00+00:00,,,54.376398,-1.721235,Male,18-24,White - English/Welsh/Scottish/Northern Irish/British,White,Misuse of Drugs Act 1971 (section 23),,A no further action disposal,,
Person search,2018-12-10T23:12:00+00:00,,,54.019541,-1.465017,Male,18-24,Other ethnic group - Not stated,White,Misuse of Drugs Act 1971 (section 23),,A no further action disposal,,
Person search,2018-12-11T00:12:00+00:00,,,54.019541,-1.465017,Male,18-24,Other ethnic group - Not stated,White,Misuse of Drugs Act 1971 (section 23),,A no further action disposal,,
Person search,2018-12-11T01:12:00+00:00,,,53.959269,-1.089801,Male,10-17,White - English/Welsh/Scottish/Northern Irish/British,White,Misuse of Drugs Act 1971 (section 23),,Khat or Cannabis warning,True,
Person search,2018-12-11T02:12:00+00:00,,,54.000842,-1.452106,Male,25-34,White - English/Welsh/Scottish/Northern Irish/British,White,Police and Criminal Evidence Act 1984 (section 1),Stolen goods,Arrest,False,
Person and Vehicle search,2018-12-11T09:12:00+00:00,,,54.004922,-1.415756,Male,18-24,Black/African/Caribbean/Black British - Any other Black/African/Caribbean background,Black,Misuse of Drugs Act 1971 (section 23),,Khat or Cannabis warning,True,
Person search,2018-12-11T11:12:00+00:00,,,54.240262,-0.410649,Male,18-24,White - English/Welsh/Scottish/Northern Irish/British,White,Misuse of Drugs Act 1971 (section 23),Controlled drugs,A no further action disposal,,
Person search,2018-12-11T14:12:00+00:00,,,54.128810,-1.521945,Female,over 34,White - English/Welsh/Scottish/Northern Irish/British,White,Misuse of Drugs Act 1971 (section 23),Controlled drugs,A no further action disposal,,
Person search,2018-12-11T14:12:00+00:00,,,54.128810,-1.521945,Female,over 34,White - English/Welsh/Scottish/Northern Irish/British,White,Misuse of Drugs Act 1971 (section 23),Controlled drugs,A no further action disposal,,
Person search,2018-12-11T14:12:00+00:00,,,54.128810,-1.521945,Female,18-24,Mixed/Multiple ethnic groups - Any other Mixed/Multiple ethnic background,,Misuse of Drugs Act 1971 (section 23),Controlled drugs,A no further action disposal,,
Person search,2018-12-11T23:12:00+00:00,,,54.019541,-1.465017,Male,18-24,Other ethnic group - Not stated,White,Misuse of Drugs Act 1971 (section 23),,A no further action disposal,,
Person search,2018-12-12T13:12:00+00:00,,,53.931035,-1.115911,Male,10-17,White - English/Welsh/Scottish/Northern Irish/British,White,Misuse of Drugs Act 1971 (section 23),,A no further action disposal,,
Person search,2018-12-12T13:12:00+00:00,,,53.931035,-1.115911,Male,10-17,White - English/Welsh/Scottish/Northern Irish/British,White,Misuse of Drugs Act 1971 (section 23),,A no further action disposal,,
Person search,2018-12-12T13:12:00+00:00,,,53.931035,-1.115911,Male,10-17,White - English/Welsh/Scottish/Northern Irish/British,White,Misuse of Drugs Act 1971 (section 23),,A no further action disposal,,
Person search,2018-12-13T11:12:00+00:00,,,53.957595,-1.080114,Male,over 34,White - English/Welsh/Scottish/Northern Irish/British,White,Misuse of Drugs Act 1971 (section 23),Controlled drugs,A no further action disposal,,
Person and Vehicle search,2018-12-13T20:12:00+00:00,,,53.660659,-1.266444,Male,18-24,White - English/Welsh/Scottish/Northern Irish/British,White,Misuse of Drugs Act 1971 (section 23),,Khat or Cannabis warning,True,
Person and Vehicle search,2018-12-13T20:12:00+00:00,,,53.660659,-1.266444,Male,25-34,White - English/Welsh/Scottish/Northern Irish/British,White,Misuse of Drugs Act 1971 (section 23),,Arrest,True,
Person search,2018-12-14T18:12:00+00:00,,,53.958164,-1.087478,Male,over 34,Other ethnic group - Not stated,Other,Police and Criminal Evidence Act 1984 (section 1),Offensive weapons,Arrest,True,
Person search,2018-12-15T00:12:00+00:00,,,54.283981,-0.402469,Male,10-17,White - English/Welsh/Scottish/Northern Irish/British,White,Police and Criminal Evidence Act 1984 (section 1),Offensive weapons,A no further action disposal,,
Person search,2018-12-15T00:12:00+00:00,,,54.283981,-0.402469,Male,18-24,White - English/Welsh/Scottish/Northern Irish/British,White,Police and Criminal Evidence Act 1984 (section 1),Offensive weapons,A no further action disposal,,
Person search,2018-12-15T00:12:00+00:00,,,54.282918,-0.400221,Male,10-17,White - English/Welsh/Scottish/Northern Irish/British,White,Police and Criminal Evidence Act 1984 (section 1),Offensive weapons,A no further action disposal,,
Person search,2018-12-15T00:12:00+00:00,,,54.282918,-0.400221,Male,10-17,White - English/Welsh/Scottish/Northern Irish/British,White,Police and Criminal Evidence Act 1984 (section 1),Offensive weapons,A no further action disposal,,
Person search,2018-12-15T00:12:00+00:00,,,54.283981,-0.402469,Male,10-17,White - English/Welsh/Scottish/Northern Irish/British,White,Police and Criminal Evidence Act 1984 (section 1),Offensive weapons,A no further action disposal,False,
Person search,2018-12-15T01:12:00+00:00,,,54.136182,-1.524860,Male,18-24,White - English/Welsh/Scottish/Northern Irish/British,White,Police and Criminal Evidence Act 1984 (section 1),,A no further action disposal,,
Person search,2018-12-15T15:12:00+00:00,,,53.965650,-1.072086,Male,10-17,Other ethnic group - Not stated,White,Misuse of Drugs Act 1971 (section 23),,A no further action disposal,,
Person and Vehicle search,2018-12-15T17:12:00+00:00,,,54.178151,-1.304217,Male,25-34,White - English/Welsh/Scottish/Northern Irish/British,White,Police and Criminal Evidence Act 1984 (section 1),Stolen goods,A no further action disposal,,
Person and Vehicle search,2018-12-15T17:12:00+00:00,,,54.178151,-1.304217,Female,25-34,White - English/Welsh/Scottish/Northern Irish/British,White,Police and Criminal Evidence Act 1984 (section 1),Stolen goods,A no further action disposal,,
Person and Vehicle search,2018-12-15T17:12:00+00:00,,,54.178151,-1.304217,Male,18-24,White - English/Welsh/Scottish/Northern Irish/British,White,Police and Criminal Evidence Act 1984 (section 1),Stolen goods,A no further action disposal,,
Person and Vehicle search,2018-12-15T17:12:00+00:00,,,54.178151,-1.304217,Male,18-24,White - English/Welsh/Scottish/Northern Irish/British,White,Police and Criminal Evidence Act 1984 (section 1),Stolen goods,A no further action disposal,,
Person search,2018-12-16T15:12:00+00:00,,,53.957786,-1.082777,Male,over 34,White - English/Welsh/Scottish/Northern Irish/British,White,Police and Criminal Evidence Act 1984 (section 1),Stolen goods,Arrest,True,
Person search,2018-12-16T16:12:00+00:00,,,53.947526,-1.122983,Male,10-17,White - English/Welsh/Scottish/Northern Irish/British,White,Police and Criminal Evidence Act 1984 (section 1),Stolen goods,A no further action disposal,,
Person and Vehicle search,2018-12-16T16:12:00+00:00,,,53.986459,-1.043639,Male,18-24,White - English/Welsh/Scottish/Northern Irish/British,White,Misuse of Drugs Act 1971 (section 23),,A no further action disposal,,
Person search,2018-12-16T16:12:00+00:00,,,53.947526,-1.122983,Male,10-17,White - English/Welsh/Scottish/Northern Irish/British,White,Police and Criminal Evidence Act 1984 (section 1),Stolen goods,A no further action disposal,False,
Person search,2018-12-16T18:12:00+00:00,,,53.780015,-1.077764,Male,25-34,White - English/Welsh/Scottish/Northern Irish/British,White,Police and Criminal Evidence Act 1984 (section 1),Stolen goods,A no further action disposal,,
Person search,2018-12-16T18:12:00+00:00,,,53.780015,-1.077764,Female,over 34,White - English/Welsh/Scottish/Northern Irish/British,White,Police and Criminal Evidence Act 1984 (section 1),Stolen goods,A no further action disposal,,
Person search,2018-12-17T02:12:00+00:00,,,54.276740,-0.400691,Male,18-24,Black/African/Caribbean/Black British - Any other Black/African/Caribbean background,,Misuse of Drugs Act 1971 (section 23),,A no further action disposal,,
Person search,2018-12-17T02:12:00+00:00,,,54.276740,-0.400691,Male,18-24,Black/African/Caribbean/Black British - Any other Black/African/Caribbean background,,Misuse of Drugs Act 1971 (section 23),,A no further action disposal,,
Person search,2018-12-17T02:12:00+00:00,,,54.276740,-0.400691,Male,10-17,White - English/Welsh/Scottish/Northern Irish/British,White,Misuse of Drugs Act 1971 (section 23),,Arrest,True,
Person search,2018-12-17T02:12:00+00:00,,,54.276740,-0.400691,Male,18-24,White - English/Welsh/Scottish/Northern Irish/British,,Misuse of Drugs Act 1971 (section 23),,A no further action disposal,True,
Person search,2018-12-17T13:12:00+00:00,,,54.005884,-1.530540,Male,18-24,Asian/Asian British - Pakistani,Asian,Misuse of Drugs Act 1971 (section 23),Controlled drugs,A no further action disposal,,
Person search,2018-12-17T14:12:00+00:00,,,53.994461,-1.542459,Male,25-34,White - English/Welsh/Scottish/Northern Irish/British,White,Misuse of Drugs Act 1971 (section 23),Controlled drugs,A no further action disposal,,
Person search,2018-12-17T15:12:00+00:00,,,53.970851,-1.071757,Male,25-34,White - English/Welsh/Scottish/Northern Irish/British,White,Misuse of Drugs Act 1971 (section 23),Controlled drugs,A no further action disposal,,
Person search,2018-12-17T15:12:00+00:00,,,53.970851,-1.071757,Male,over 34,Other ethnic group - Not stated,,Misuse of Drugs Act 1971 (section 23),Controlled drugs,A no further action disposal,,
Person search,2018-12-17T15:12:00+00:00,,,53.970851,-1.071757,Male,18-24,White - English/Welsh/Scottish/Northern Irish/British,White,Misuse of Drugs Act 1971 (section 23),Controlled drugs,A no further action disposal,,
Person search,2018-12-17T19:12:00+00:00,,,53.956732,-1.085924,Female,10-17,White - Any other White background,White,Police and Criminal Evidence Act 1984 (section 1),Stolen goods,Arrest,False,
Person search,2018-12-17T19:12:00+00:00,,,53.956732,-1.085924,Female,10-17,White - English/Welsh/Scottish/Northern Irish/British,White,Police and Criminal Evidence Act 1984 (section 1),Stolen goods,Arrest,False,
Person search,2018-12-18T15:12:00+00:00,,,53.992627,-1.539825,Male,25-34,White - English/Welsh/Scottish/Northern Irish/British,White,Police and Criminal Evidence Act 1984 (section 1),Offensive weapons,A no further action disposal,,
Person search,2018-12-18T18:12:00+00:00,,,54.234243,-1.344360,Male,10-17,White - English/Welsh/Scottish/Northern Irish/British,White,Misuse of Drugs Act 1971 (section 23),,A no further action disposal,,
Person search,2018-12-18T18:12:00+00:00,,,54.234243,-1.344360,Male,10-17,White - English/Welsh/Scottish/Northern Irish/British,White,Misuse of Drugs Act 1971 (section 23),,A no further action disposal,,
Person search,2018-12-18T18:12:00+00:00,,,54.234243,-1.344360,Male,10-17,White - English/Welsh/Scottish/Northern Irish/British,White,Misuse of Drugs Act 1971 (section 23),,A no further action disposal,,
Person search,2018-12-18T18:12:00+00:00,,,54.234243,-1.344360,Male,10-17,White - English/Welsh/Scottish/Northern Irish/British,White,Misuse of Drugs Act 1971 (section 23),,A no further action disposal,,
Person search,2018-12-18T18:12:00+00:00,,,54.234243,-1.344360,Male,10-17,White - English/Welsh/Scottish/Northern Irish/British,White,Misuse of Drugs Act 1971 (section 23),,A no further action disposal,,
Person search,2018-12-18T18:12:00+00:00,,,54.234243,-1.344360,Male,10-17,White - English/Welsh/Scottish/Northern Irish/British,White,Misuse of Drugs Act 1971 (section 23),,A no further action disposal,,
Person search,2018-12-18T18:12:00+00:00,,,54.234243,-1.344360,Male,10-17,White - English/Welsh/Scottish/Northern Irish/British,White,Misuse of Drugs Act 1971 (section 23),,A no further action disposal,,
Person and Vehicle search,2018-12-19T02:12:00+00:00,,,53.974305,-1.593358,Male,25-34,Other ethnic group - Not stated,Asian,Misuse of Drugs Act 1971 (section 23),Controlled drugs,A no further action disposal,False,
Person search,2018-12-19T14:12:00+00:00,,,53.784792,-1.066671,Male,18-24,White - English/Welsh/Scottish/Northern Irish/British,,Misuse of Drugs Act 1971 (section 23),,A no further action disposal,,
Person and Vehicle search,2018-12-19T15:12:00+00:00,,,54.008099,-1.524915,,18-24,Other ethnic group - Not stated,Black,Misuse of Drugs Act 1971 (section 23),,A no further action disposal,,
Person and Vehicle search,2018-12-20T12:12:00+00:00,,,54.279122,-0.412963,Female,25-34,White - English/Welsh/Scottish/Northern Irish/British,White,Misuse of Drugs Act 1971 (section 23),Controlled drugs,A no further action disposal,,
Person and Vehicle search,2018-12-20T12:12:00+00:00,,,54.279122,-0.412963,Male,25-34,White - English/Welsh/Scottish/Northern Irish/British,White,Misuse of Drugs Act 1971 (section 23),Controlled drugs,A no further action disposal,,
Person search,2018-12-21T14:12:00+00:00,,,53.785122,-1.075542,Male,10-17,White - English/Welsh/Scottish/Northern Irish/British,White,Misuse of Drugs Act 1971 (section 23),Controlled drugs,Arrest,True,
Person search,2018-12-21T14:12:00+00:00,,,53.977580,-1.090134,Male,10-17,White - English/Welsh/Scottish/Northern Irish/British,White,Police and Criminal Evidence Act 1984 (section 1),Offensive weapons,A no further action disposal,,
Person search,2018-12-21T14:12:00+00:00,,,53.977580,-1.090134,Male,10-17,White - English/Welsh/Scottish/Northern Irish/British,White,Police and Criminal Evidence Act 1984 (section 1),Offensive weapons,A no further action disposal,,
Person search,2018-12-21T18:12:00+00:00,,,54.315633,-1.932346,Male,18-24,White - English/Welsh/Scottish/Northern Irish/British,White,Misuse of Drugs Act 1971 (section 23),Controlled drugs,A no further action disposal,,
Person search,2018-12-21T23:12:00+00:00,,,53.692039,-1.130965,Male,25-34,White - English/Welsh/Scottish/Northern Irish/British,White,Police and Criminal Evidence Act 1984 (section 1),Stolen goods,A no further action disposal,,
Person and Vehicle search,2018-12-22T11:12:00+00:00,,,53.854926,-1.341681,Male,over 34,White - English/Welsh/Scottish/Northern Irish/British,White,Misuse of Drugs Act 1971 (section 23),Controlled drugs,A no further action disposal,,
Person search,2018-12-23T00:12:00+00:00,,,53.772103,-1.064600,Male,25-34,,Asian,Misuse of Drugs Act 1971 (section 23),,A no further action disposal,,
Person search,2018-12-23T00:12:00+00:00,,,53.772103,-1.064600,Male,18-24,,White,Misuse of Drugs Act 1971 (section 23),,A no further action disposal,,
Person search,2018-12-23T00:12:00+00:00,,,53.772103,-1.064600,Male,10-17,,,Misuse of Drugs Act 1971 (section 23),,A no further action disposal,,
Person search,2018-12-23T00:12:00+00:00,,,53.772103,-1.064600,Male,18-24,,,Misuse of Drugs Act 1971 (section 23),,A no further action disposal,,
Person search,2018-12-23T14:12:00+00:00,,,53.992074,-1.538657,Male,18-24,White - English/Welsh/Scottish/Northern Irish/British,White,,Offensive weapons,Arrest,True,
Person search,2018-12-23T14:12:00+00:00,,,53.992074,-1.538657,Male,25-34,White - English/Welsh/Scottish/Northern Irish/British,White,Misuse of Drugs Act 1971 (section 23),Controlled drugs,A no further action disposal,False,
Person search,2018-12-23T15:12:00+00:00,,,53.992074,-1.538657,Female,25-34,White - English/Welsh/Scottish/Northern Irish/British,White,Misuse of Drugs Act 1971 (section 23),Controlled drugs,A no further action disposal,,
Person search,2018-12-23T16:12:00+00:00,,,53.992074,-1.538657,Female,over 34,White - English/Welsh/Scottish/Northern Irish/British,White,Misuse of Drugs Act 1971 (section 23),Controlled drugs,A no further action disposal,,
Person search,2018-12-23T20:12:00+00:00,,,53.783611,-1.070855,Male,25-34,White - English/Welsh/Scottish/Northern Irish/British,White,Misuse of Drugs Act 1971 (section 23),Controlled drugs,A no further action disposal,,
Person search,2018-12-23T20:12:00+00:00,,,53.783611,-1.070855,Male,over 34,White - English/Welsh/Scottish/Northern Irish/British,White,Misuse of Drugs Act 1971 (section 23),Controlled drugs,A no further action disposal,,
Person search,2018-12-26T15:12:00+00:00,,,54.469966,-1.192101,Male,18-24,White - English/Welsh/Scottish/Northern Irish/British,White,Misuse of Drugs Act 1971 (section 23),Controlled drugs,A no further action disposal,,
Person search,2018-12-26T17:12:00+00:00,,,54.016172,-1.068597,Female,over 34,White - English/Welsh/Scottish/Northern Irish/British,White,Police and Criminal Evidence Act 1984 (section 1),,A no further action disposal,,
Person and Vehicle search,2018-12-27T17:12:00+00:00,,,54.129136,-0.776739,Male,18-24,White - English/Welsh/Scottish/Northern Irish/British,White,Misuse of Drugs Act 1971 (section 23),,A no further action disposal,,
Person search,2018-12-28T18:12:00+00:00,,,53.961224,-1.077474,Male,10-17,White - English/Welsh/Scottish/Northern Irish/British,White,Police and Criminal Evidence Act 1984 (section 1),Article for use in theft,A no further action disposal,,
Person search,2018-12-28T18:12:00+00:00,,,53.961224,-1.077474,Male,10-17,White - English/Welsh/Scottish/Northern Irish/British,White,Police and Criminal Evidence Act 1984 (section 1),Article for use in theft,A no further action disposal,,
Person search,2018-12-28T20:12:00+00:00,,,54.137014,-1.523825,Male,18-24,White - English/Welsh/Scottish/Northern Irish/British,White,Misuse of Drugs Act 1971 (section 23),Controlled drugs,Khat or Cannabis warning,True,
Person search,2018-12-28T20:12:00+00:00,,,54.137014,-1.523825,Male,over 34,White - English/Welsh/Scottish/Northern Irish/British,White,Misuse of Drugs Act 1971 (section 23),Controlled drugs,A no further action disposal,,
Person and Vehicle search,2018-12-29T02:12:00+00:00,,,53.802044,-1.253230,Male,10-17,White - English/Welsh/Scottish/Northern Irish/British,White,Police and Criminal Evidence Act 1984 (section 1),Stolen goods,A no further action disposal,,
Person and Vehicle search,2018-12-29T02:12:00+00:00,,,53.802044,-1.253230,Male,10-17,Black/African/Caribbean/Black British - Caribbean,Black,Police and Criminal Evidence Act 1984 (section 1),Stolen goods,A no further action disposal,,
Person search,2018-12-29T02:12:00+00:00,,,54.137729,-1.522883,Male,over 34,White - English/Welsh/Scottish/Northern Irish/British,White,Misuse of Drugs Act 1971 (section 23),Controlled drugs,A no further action disposal,,
Person search,2018-12-29T02:12:00+00:00,,,54.137729,-1.522883,Male,over 34,White - English/Welsh/Scottish/Northern Irish/British,White,Misuse of Drugs Act 1971 (section 23),Controlled drugs,A no further action disposal,,
Person and Vehicle search,2018-12-29T02:12:00+00:00,,,53.802044,-1.253230,Male,18-24,White - English/Welsh/Scottish/Northern Irish/British,White,Police and Criminal Evidence Act 1984 (section 1),Stolen goods,A no further action disposal,,
Person and Vehicle search,2018-12-29T13:12:00+00:00,,,53.755188,-1.202903,Male,25-34,White - English/Welsh/Scottish/Northern Irish/British,White,,,A no further action disposal,,
Person and Vehicle search,2018-12-29T13:12:00+00:00,,,53.755188,-1.202903,Male,25-34,White - English/Welsh/Scottish/Northern Irish/British,White,,,A no further action disposal,,
Person and Vehicle search,2018-12-29T13:12:00+00:00,,,53.755188,-1.202903,Male,25-34,White - English/Welsh/Scottish/Northern Irish/British,White,,,A no further action disposal,,
Person search,2018-12-29T16:12:00+00:00,,,54.479951,-0.615252,Male,10-17,White - English/Welsh/Scottish/Northern Irish/British,White,Misuse of Drugs Act 1971 (section 23),,Arrest,True,
Person search,2018-12-29T16:12:00+00:00,,,54.479951,-0.615252,Male,10-17,White - English/Welsh/Scottish/Northern Irish/British,White,Misuse of Drugs Act 1971 (section 23),,A no further action disposal,,
Person search,2018-12-29T16:12:00+00:00,,,54.479951,-0.615252,Male,10-17,White - English/Welsh/Scottish/Northern Irish/British,White,Misuse of Drugs Act 1971 (section 23),,A no further action disposal,,
Person and Vehicle search,2018-12-29T17:12:00+00:00,,,54.015714,-1.367211,Male,25-34,Asian/Asian British - Pakistani,Asian,Police and Criminal Evidence Act 1984 (section 1),Stolen goods,A no further action disposal,,
Person search,2018-12-31T01:12:00+00:00,,,53.971371,-1.089187,Male,18-24,Other ethnic group - Not stated,White,Misuse of Drugs Act 1971 (section 23),,Arrest,True,
