Type,Date,Part of a policing operation,Policing operation,Latitude,Longitude,Gender,Age range,Self-defined ethnicity,Officer-defined ethnicity,Legislation,Object of search,Outcome,Outcome linked to object of search,Removal of more than just outer clothing
Person and Vehicle search,2018-12-01T01:40:00+00:00,False,,,,Male,18-24,Asian/Asian British - Any other Asian background,Black,,Controlled drugs,Arrest,True,
Person and Vehicle search,2018-12-01T01:46:00+00:00,False,,,,Male,25-34,White - English/Welsh/Scottish/Northern Irish/British,White,,Controlled drugs,Caution (simple or conditional),True,
Person and Vehicle search,2018-12-01T02:10:00+00:00,False,,,,Male,18-24,,Black,,Offensive weapons,Arrest,True,
Person and Vehicle search,2018-12-01T02:10:00+00:00,False,,,,Male,18-24,White - English/Welsh/Scottish/Northern Irish/British,White,,Controlled drugs,Khat or Cannabis warning,True,
Person search,2018-12-01T02:29:00+00:00,False,,51.783986,-1.488807,Male,18-24,Black/African/Caribbean/Black British - Caribbean,Black,Police and Criminal Evidence Act 1984 (section 1),Offensive weapons,A no further action disposal,,False
Person and Vehicle search,2018-12-01T02:30:00+00:00,False,,,,Male,25-34,White - English/Welsh/Scottish/Northern Irish/British,White,,Controlled drugs,A no further action disposal,,
Person search,2018-12-01T03:14:00+00:00,False,,51.787294,-1.501093,Male,18-24,White - English/Welsh/Scottish/Northern Irish/British,White,Police and Criminal Evidence Act 1984 (section 1),Anything to threaten or harm anyone,A no further action disposal,,False
Person and Vehicle search,2018-12-01T03:38:00+00:00,False,,,,Male,18-24,White - English/Welsh/Scottish/Northern Irish/British,White,,Offensive weapons,A no further action disposal,,
Person and Vehicle search,2018-12-01T03:40:00+00:00,False,,,,Male,18-24,White - English/Welsh/Scottish/Northern Irish/British,White,,Offensive weapons,A no further action disposal,,
Person and Vehicle search,2018-12-01T06:14:00+00:00,False,,,,Male,25-34,Other ethnic group - Not stated,Black,,Offensive weapons,A no further action disposal,,
Person and Vehicle search,2018-12-01T06:14:00+00:00,False,,,,Male,18-24,White - English/Welsh/Scottish/Northern Irish/British,White,,Offensive weapons,A no further action disposal,,
Person and Vehicle search,2018-12-01T10:30:00+00:00,False,,,,Male,18-24,Other ethnic group - Not stated,Asian,,Offensive weapons,A no further action disposal,,
Person and Vehicle search,2018-12-01T10:30:00+00:00,False,,,,Male,over 34,Other ethnic group - Not stated,White,,Offensive weapons,A no further action disposal,,
Person and Vehicle search,2018-12-01T15:30:00+00:00,False,,,,Male,25-34,Other ethnic group - Not stated,Asian,,Controlled drugs,A no further action disposal,,
Person and Vehicle search,2018-12-01T18:06:00+00:00,False,,,,Male,10-17,White - English/Welsh/Scottish/Northern Irish/British,White,,Offensive weapons,Arrest,True,
Person and Vehicle search,2018-12-01T21:10:00+00:00,False,,,,Male,18-24,Black/African/Caribbean/Black British - African,Black,,Offensive weapons,A no further action disposal,,
Person and Vehicle search,2018-12-01T21:20:00+00:00,False,,,,Male,10-17,White - English/Welsh/Scottish/Northern Irish/British,White,,Article for use in theft,A no further action disposal,,
Person and Vehicle search,2018-12-01T21:50:00+00:00,False,,,,Male,25-34,Asian/Asian British - Pakistani,Asian,,Controlled drugs,A no further action disposal,,
Person and Vehicle search,2018-12-01T22:00:00+00:00,False,,,,Male,25-34,,Asian,,Controlled drugs,A no further action disposal,,
Person and Vehicle search,2018-12-01T22:15:00+00:00,False,,,,Male,18-24,Mixed/Multiple ethnic groups - White and Black Caribbean,Black,,Controlled drugs,Arrest,True,
Person and Vehicle search,2018-12-01T22:41:00+00:00,False,,51.407202,-1.320578,Male,25-34,White - English/Welsh/Scottish/Northern Irish/British,White,Misuse of Drugs Act 1971 (section 23),Controlled drugs,Arrest,True,False
Person and Vehicle search,2018-12-01T22:41:00+00:00,False,,51.407202,-1.320578,Male,25-34,White - English/Welsh/Scottish/Northern Irish/British,White,Misuse of Drugs Act 1971 (section 23),Controlled drugs,Arrest,True,False
Person and Vehicle search,2018-12-01T23:00:00+00:00,False,,,,Male,25-34,Asian/Asian British - Pakistani,Asian,,Controlled drugs,A no further action disposal,,
Person search,2018-12-01T23:10:00+00:00,False,,51.523073,-0.681226,Male,10-17,White - English/Welsh/Scottish/Northern Irish/British,White,Police and Criminal Evidence Act 1984 (section 1),Stolen goods,A no further action disposal,,False
Person and Vehicle search,2018-12-01T23:20:00+00:00,False,,,,Male,25-34,Asian/Asian British - Pakistani,Asian,,Controlled drugs,A no further action disposal,,
Person and Vehicle search,2018-12-01T23:26:00+00:00,False,,,,Male,18-24,Asian/Asian British - Pakistani,Black,,Controlled drugs,Khat or Cannabis warning,True,
Person and Vehicle search,2018-12-01T23:30:00+00:00,False,,,,Male,18-24,Asian/Asian British - Pakistani,Black,,Controlled drugs,A no further action disposal,,
Person and Vehicle search,2018-12-01T23:30:00+00:00,False,,,,Female,25-34,White - English/Welsh/Scottish/Northern Irish/British,,,Controlled drugs,A no further action disposal,,
Person and Vehicle search,2018-12-01T23:30:00+00:00,False,,,,Male,18-24,White - Any other White background,White,,Controlled drugs,A no further action disposal,,
Person and Vehicle search,2018-12-01T23:31:00+00:00,False,,,,Male,18-24,Asian/Asian British - Pakistani,Black,,Controlled drugs,A no further action disposal,,
Person and Vehicle search,2018-12-02T00:05:00+00:00,False,,,,Male,over 34,Other ethnic group - Not stated,White,,Controlled drugs,A no further action disposal,,
Person and Vehicle search,2018-12-02T00:05:00+00:00,False,,,,Male,25-34,White - English/Welsh/Scottish/Northern Irish/British,White,,Controlled drugs,A no further action disposal,,
Person and Vehicle search,2018-12-02T00:05:00+00:00,False,,,,Male,25-34,Other ethnic group - Not stated,White,,Controlled drugs,A no further action disposal,,
Person and Vehicle search,2018-12-02T01:00:00+00:00,False,,,,Male,25-34,Other ethnic group - Not stated,White,,Controlled drugs,A no further action disposal,,
Person and Vehicle search,2018-12-02T01:55:00+00:00,False,,,,Male,25-34,White - English/Welsh/Scottish/Northern Irish/British,White,,Controlled drugs,Arrest,True,
Person and Vehicle search,2018-12-02T02:48:00+00:00,False,,,,Male,25-34,Other ethnic group - Not stated,Black,,Offensive weapons,A no further action disposal,,
Person search,2018-12-02T04:24:00+00:00,False,,51.403869,-1.305834,Male,18-24,White - English/Welsh/Scottish/Northern Irish/British,White,Misuse of Drugs Act 1971 (section 23),Controlled drugs,A no further action disposal,,False
Person search,2018-12-02T04:24:00+00:00,False,,51.403869,-1.305834,Male,18-24,White - English/Welsh/Scottish/Northern Irish/British,White,Misuse of Drugs Act 1971 (section 23),Controlled drugs,A no further action disposal,,False
Person and Vehicle search,2018-12-02T04:46:00+00:00,False,,,,Male,over 34,Other ethnic group - Not stated,White,,Article for use in theft,A no further action disposal,,
Person and Vehicle search,2018-12-02T05:10:00+00:00,False,,,,Male,25-34,White - English/Welsh/Scottish/Northern Irish/British,White,,Article for use in theft,A no further action disposal,,
Person and Vehicle search,2018-12-02T07:35:00+00:00,False,,,,Male,18-24,Black/African/Caribbean/Black British - African,Black,,Article for use in theft,A no further action disposal,,
Person and Vehicle search,2018-12-02T10:46:00+00:00,False,,,,Male,over 34,Black/African/Caribbean/Black British - African,Black,,Stolen goods,Arrest,False,
Person and Vehicle search,2018-12-02T14:40:00+00:00,False,,,,Male,25-34,Other ethnic group - Not stated,Black,,Offensive weapons,A no further action disposal,,
Person and Vehicle search,2018-12-02T14:40:00+00:00,False,,,,Male,25-34,Other ethnic group - Not stated,Black,,Offensive weapons,A no further action disposal,,
Person and Vehicle search,2018-12-02T14:40:00+00:00,False,,,,Male,18-24,Black/African/Caribbean/Black British - Caribbean,Black,,Controlled drugs,A no further action disposal,,
Person and Vehicle search,2018-12-02T14:40:00+00:00,False,,,,Male,10-17,Other ethnic group - Not stated,Black,,Offensive weapons,Arrest,False,
Person and Vehicle search,2018-12-02T14:49:00+00:00,False,,,,Male,25-34,,Black,,Offensive weapons,A no further action disposal,,
Person search,2018-12-02T16:33:00+00:00,False,,52.062292,-1.332552,Male,18-24,Other ethnic group - Not stated,White,Police and Criminal Evidence Act 1984 (section 1),Article for use in theft,A no further action disposal,,False
Person and Vehicle search,2018-12-02T17:00:00+00:00,False,,,,Male,10-17,White - English/Welsh/Scottish/Northern Irish/British,White,,Controlled drugs,Khat or Cannabis warning,True,
Person and Vehicle search,2018-12-02T17:05:00+00:00,False,,,,Male,18-24,White - English/Welsh/Scottish/Northern Irish/British,White,,Controlled drugs,Khat or Cannabis warning,True,
Person and Vehicle search,2018-12-02T17:10:00+00:00,False,,,,Male,10-17,White - English/Welsh/Scottish/Northern Irish/British,White,,Controlled drugs,Community resolution,True,
Person and Vehicle search,2018-12-02T17:10:00+00:00,False,,,,Male,10-17,White - English/Welsh/Scottish/Northern Irish/British,White,,Controlled drugs,Khat or Cannabis warning,True,
Person and Vehicle search,2018-12-02T17:25:00+00:00,False,,,,Male,over 34,White - Any other White background,White,,Stolen goods,Arrest,True,
Person and Vehicle search,2018-12-02T17:26:00+00:00,False,,,,Male,10-17,White - English/Welsh/Scottish/Northern Irish/British,White,,Controlled drugs,A no further action disposal,,
Person and Vehicle search,2018-12-02T19:00:00+00:00,False,,,,Female,18-24,White - English/Welsh/Scottish/Northern Irish/British,White,,Controlled drugs,Arrest,True,
Person and Vehicle search,2018-12-02T19:14:00+00:00,False,,,,Male,18-24,White - English/Welsh/Scottish/Northern Irish/British,White,,Controlled drugs,Arrest,True,
Person and Vehicle search,2018-12-02T23:29:00+00:00,False,,,,Male,10-17,White - English/Welsh/Scottish/Northern Irish/British,White,,Article for use in theft,A no further action disposal,,
Person and Vehicle search,2018-12-02T23:40:00+00:00,False,,,,Male,18-24,Asian/Asian British - Pakistani,Asian,,Controlled drugs,A no further action disposal,,
Person and Vehicle search,2018-12-03T01:25:00+00:00,False,,,,Male,25-34,Asian/Asian British - Indian,Asian,,Controlled drugs,A no further action disposal,,
Person and Vehicle search,2018-12-03T05:35:00+00:00,False,,,,Male,25-34,Other ethnic group - Not stated,Other,,Article for use in theft,A no further action disposal,,
Person and Vehicle search,2018-12-03T12:15:00+00:00,False,,,,Male,25-34,Other ethnic group - Not stated,White,,Stolen goods,A no further action disposal,,
Person and Vehicle search,2018-12-03T12:15:00+00:00,False,,,,Male,25-34,Other ethnic group - Not stated,White,,Stolen goods,A no further action disposal,,
Person search,2018-12-03T12:15:00+00:00,False,,51.626808,-0.749012,Male,over 34,Asian/Asian British - Pakistani,Asian,Police and Criminal Evidence Act 1984 (section 1),Offensive weapons,Arrest,True,False
Person and Vehicle search,2018-12-03T12:20:00+00:00,False,,,,Male,over 34,Other ethnic group - Not stated,White,,Stolen goods,A no further action disposal,,
Person and Vehicle search,2018-12-03T13:25:00+00:00,False,,,,Male,25-34,Asian/Asian British - Indian,Asian,,Controlled drugs,A no further action disposal,,
Person search,2018-12-03T14:55:00+00:00,False,,51.720957,-1.217302,,25-34,Black/African/Caribbean/Black British - Caribbean,Black,Misuse of Drugs Act 1971 (section 23),Controlled drugs,A no further action disposal,,False
Person and Vehicle search,2018-12-03T15:20:00+00:00,False,,,,Male,25-34,Other ethnic group - Not stated,Asian,,Article for use in theft,A no further action disposal,,
Person and Vehicle search,2018-12-03T16:05:00+00:00,False,,,,Male,25-34,,White,,Stolen goods,A no further action disposal,,
Person and Vehicle search,2018-12-03T18:20:00+00:00,False,,,,Male,18-24,Black/African/Caribbean/Black British - Any other Black/African/Caribbean background,Black,,Controlled drugs,Khat or Cannabis warning,True,
Person and Vehicle search,2018-12-03T19:45:00+00:00,False,,,,Male,18-24,,Asian,,Offensive weapons,Arrest,True,
Person and Vehicle search,2018-12-03T20:59:00+00:00,False,,51.780474,-1.489630,,18-24,White - English/Welsh/Scottish/Northern Irish/British,White,Misuse of Drugs Act 1971 (section 23),Controlled drugs,A no further action disposal,,False
Person and Vehicle search,2018-12-03T21:20:00+00:00,False,,,,Male,18-24,White - English/Welsh/Scottish/Northern Irish/British,White,,Controlled drugs,A no further action disposal,,
Person and Vehicle search,2018-12-03T21:20:00+00:00,False,,,,Male,18-24,White - English/Welsh/Scottish/Northern Irish/British,White,,Controlled drugs,A no further action disposal,,
Person and Vehicle search,2018-12-03T21:30:00+00:00,False,,,,Male,18-24,Asian/Asian British - Indian,Asian,,Controlled drugs,A no further action disposal,,
Person and Vehicle search,2018-12-03T21:30:00+00:00,False,,,,Male,18-24,Asian/Asian British - Pakistani,Asian,,Controlled drugs,A no further action disposal,,
Person and Vehicle search,2018-12-03T21:30:00+00:00,False,,,,Male,18-24,Mixed/Multiple ethnic groups - Any other Mixed/Multiple ethnic background,Asian,,Controlled drugs,A no further action disposal,,
Person and Vehicle search,2018-12-03T22:15:00+00:00,False,,,,Male,18-24,Black/African/Caribbean/Black British - Any other Black/African/Caribbean background,Asian,,Controlled drugs,A no further action disposal,,
Person and Vehicle search,2018-12-03T22:45:00+00:00,False,,,,Male,over 34,White - English/Welsh/Scottish/Northern Irish/British,White,,Article for use in theft,A no further action disposal,,
Person and Vehicle search,2018-12-03T23:03:00+00:00,False,,,,Male,25-34,,White,,Offensive weapons,Arrest,True,
Person and Vehicle search,2018-12-04T00:45:00+00:00,False,,,,Male,25-34,,White,,Controlled drugs,Arrest,True,
Person and Vehicle search,2018-12-04T02:00:00+00:00,False,,,,Male,25-34,,Black,,Controlled drugs,A no further action disposal,,
Person and Vehicle search,2018-12-04T02:18:00+00:00,False,,51.768893,-1.231473,Male,25-34,Black/African/Caribbean/Black British - Caribbean,Black,Misuse of Drugs Act 1971 (section 23),Controlled drugs,A no further action disposal,,False
Person and Vehicle search,2018-12-04T02:28:00+00:00,False,,,,Male,18-24,White - English/Welsh/Scottish/Northern Irish/British,White,,Controlled drugs,A no further action disposal,,
Person and Vehicle search,2018-12-04T02:47:00+00:00,False,,51.737997,-1.097169,Male,over 34,White - English/Welsh/Scottish/Northern Irish/British,White,Misuse of Drugs Act 1971 (section 23),Controlled drugs,A no further action disposal,,False
Person search,2018-12-04T02:50:00+00:00,False,,52.063827,-1.341719,Male,18-24,Other ethnic group - Not stated,White,Police and Criminal Evidence Act 1984 (section 1),Article for use in theft,A no further action disposal,,False
Person search,2018-12-04T11:52:00+00:00,True,,51.754116,-1.261726,Male,18-24,White - English/Welsh/Scottish/Northern Irish/British,White,Misuse of Drugs Act 1971 (section 23),Controlled drugs,A no further action disposal,,False
Person and Vehicle search,2018-12-04T12:00:00+00:00,False,,,,Male,10-17,White - English/Welsh/Scottish/Northern Irish/British,White,,Offensive weapons,A no further action disposal,,
Person and Vehicle search,2018-12-04T13:00:00+00:00,False,,,,Male,10-17,White - English/Welsh/Scottish/Northern Irish/British,White,,Offensive weapons,A no further action disposal,,
Person and Vehicle search,2018-12-04T17:30:00+00:00,False,,,,Male,over 34,White - English/Welsh/Scottish/Northern Irish/British,White,,Stolen goods,A no further action disposal,,
Person and Vehicle search,2018-12-04T19:48:00+00:00,False,,,,Male,18-24,White - English/Welsh/Scottish/Northern Irish/British,White,,Controlled drugs,A no further action disposal,,
Person and Vehicle search,2018-12-04T20:06:00+00:00,False,,,,Male,18-24,White - English/Welsh/Scottish/Northern Irish/British,White,,Controlled drugs,A no further action disposal,,
Person and Vehicle search,2018-12-04T20:47:00+00:00,False,,,,Male,over 34,Mixed/Multiple ethnic groups - Any other Mixed/Multiple ethnic background,Asian,,Controlled drugs,Khat or Cannabis warning,True,
Person and Vehicle search,2018-12-04T21:10:00+00:00,False,,,,Male,10-17,White - English/Welsh/Scottish/Northern Irish/British,White,,Controlled drugs,A no further action disposal,,
Person and Vehicle search,2018-12-04T21:10:00+00:00,False,,,,Male,18-24,White - English/Welsh/Scottish/Northern Irish/British,White,,Controlled drugs,Arrest,True,
Person and Vehicle search,2018-12-04T21:19:00+00:00,False,,,,Male,18-24,Black/African/Caribbean/Black British - Any other Black/African/Caribbean background,White,,Controlled drugs,A no further action disposal,,
Person and Vehicle search,2018-12-04T21:20:00+00:00,False,,,,Female,10-17,White - English/Welsh/Scottish/Northern Irish/British,White,,Controlled drugs,A no further action disposal,,
Person and Vehicle search,2018-12-05T08:15:00+00:00,False,,,,Male,18-24,White - English/Welsh/Scottish/Northern Irish/British,White,,Controlled drugs,A no further action disposal,,
Person and Vehicle search,2018-12-05T08:46:00+00:00,False,,,,Male,10-17,White - English/Welsh/Scottish/Northern Irish/British,White,,Controlled drugs,A no further action disposal,,
Person and Vehicle search,2018-12-05T09:00:00+00:00,False,,,,Male,25-34,White - English/Welsh/Scottish/Northern Irish/British,White,,Controlled drugs,A no further action disposal,,
Person and Vehicle search,2018-12-05T09:02:00+00:00,False,,,,Male,18-24,Black/African/Caribbean/Black British - Any other Black/African/Caribbean background,Black,,Controlled drugs,A no further action disposal,,
Person and Vehicle search,2018-12-05T09:10:00+00:00,False,,,,Male,18-24,Mixed/Multiple ethnic groups - White and Asian,White,,Controlled drugs,A no further action disposal,,
Person and Vehicle search,2018-12-05T09:10:00+00:00,False,,,,Male,10-17,White - English/Welsh/Scottish/Northern Irish/British,White,,Controlled drugs,A no further action disposal,,
Person and Vehicle search,2018-12-05T09:11:00+00:00,False,,,,Male,18-24,,Black,,Controlled drugs,A no further action disposal,,
Person and Vehicle search,2018-12-05T09:11:00+00:00,False,,,,Male,18-24,White - English/Welsh/Scottish/Northern Irish/British,White,,,A no further action disposal,,
Person and Vehicle search,2018-12-05T09:14:00+00:00,False,,,,Male,10-17,Mixed/Multiple ethnic groups - White and Black Caribbean,Black,,Controlled drugs,A no further action disposal,,
Person and Vehicle search,2018-12-05T09:14:00+00:00,False,,,,Male,10-17,,Black,,Controlled drugs,A no further action disposal,,
Person and Vehicle search,2018-12-05T09:17:00+00:00,False,,,,Male,10-17,Mixed/Multiple ethnic groups - White and Black Caribbean,Black,,Controlled drugs,A no further action disposal,,
Person and Vehicle search,2018-12-05T09:23:00+00:00,False,,,,Male,10-17,White - English/Welsh/Scottish/Northern Irish/British,White,,Controlled drugs,A no further action disposal,,
Person and Vehicle search,2018-12-05T09:27:00+00:00,False,,,,Male,10-17,Mixed/Multiple ethnic groups - White and Black Caribbean,Black,,Controlled drugs,A no further action disposal,,
Person and Vehicle search,2018-12-05T13:15:00+00:00,False,,,,Female,10-17,Mixed/Multiple ethnic groups - White and Asian,Asian,,Controlled drugs,Arrest,True,
Person and Vehicle search,2018-12-05T13:30:00+00:00,False,,,,Male,25-34,Other ethnic group - Not stated,Asian,,Controlled drugs,A no further action disposal,,
Person and Vehicle search,2018-12-05T13:30:00+00:00,False,,,,Male,18-24,White - Any other White background,Black,,Controlled drugs,Arrest,True,
Person and Vehicle search,2018-12-05T14:00:00+00:00,True,,,,Male,10-17,Mixed/Multiple ethnic groups - White and Black Caribbean,Black,,Controlled drugs,A no further action disposal,,
Person and Vehicle search,2018-12-05T14:00:00+00:00,True,,,,Male,18-24,Black/African/Caribbean/Black British - Any other Black/African/Caribbean background,Black,,Controlled drugs,A no further action disposal,,
Person and Vehicle search,2018-12-05T14:00:00+00:00,True,,,,Male,18-24,Mixed/Multiple ethnic groups - Any other Mixed/Multiple ethnic background,Black,,Controlled drugs,A no further action disposal,,
Person and Vehicle search,2018-12-05T14:15:00+00:00,False,,,,Male,25-34,Asian/Asian British - Pakistani,Asian,,Controlled drugs,A no further action disposal,,
Person and Vehicle search,2018-12-05T14:20:00+00:00,False,,,,Male,18-24,White - English/Welsh/Scottish/Northern Irish/British,White,,Controlled drugs,A no further action disposal,,
Person and Vehicle search,2018-12-05T14:40:00+00:00,False,,,,Male,over 34,Asian/Asian British - Pakistani,Asian,,Controlled drugs,A no further action disposal,,
Person and Vehicle search,2018-12-05T14:40:00+00:00,False,,,,Male,18-24,Asian/Asian British - Pakistani,Asian,,Controlled drugs,Arrest,True,
Person and Vehicle search,2018-12-05T14:40:00+00:00,False,,,,Male,18-24,Asian/Asian British - Pakistani,Asian,,Controlled drugs,Caution (simple or conditional),True,
Person and Vehicle search,2018-12-05T15:00:00+00:00,False,,,,Male,18-24,Asian/Asian British - Pakistani,Asian,,Controlled drugs,A no further action disposal,,
Person search,2018-12-05T15:15:00+00:00,True,,51.748309,-1.256172,Male,18-24,White - English/Welsh/Scottish/Northern Irish/British,White,Misuse of Drugs Act 1971 (section 23),Controlled drugs,Arrest,True,False
Person and Vehicle search,2018-12-05T15:35:00+00:00,False,,,,Male,10-17,Asian/Asian British - Indian,Asian,,Offensive weapons,A no further action disposal,,
Person and Vehicle search,2018-12-05T15:35:00+00:00,False,,,,Male,10-17,Asian/Asian British - Indian,Asian,,Offensive weapons,A no further action disposal,,
Person and Vehicle search,2018-12-05T19:00:00+00:00,False,,,,Male,18-24,Asian/Asian British - Any other Asian background,Asian,,Controlled drugs,A no further action disposal,,
Person and Vehicle search,2018-12-05T19:00:00+00:00,False,,,,Male,over 34,Asian/Asian British - Pakistani,Asian,,Controlled drugs,A no further action disposal,,
Person and Vehicle search,2018-12-05T22:45:00+00:00,False,,,,Male,over 34,Asian/Asian British - Pakistani,Asian,,Controlled drugs,A no further action disposal,,
Person and Vehicle search,2018-12-05T22:45:00+00:00,False,,,,Male,over 34,Asian/Asian British - Pakistani,Asian,,Controlled drugs,A no further action disposal,,
Person and Vehicle search,2018-12-06T00:22:00+00:00,False,,,,Male,25-34,Other ethnic group - Any other ethnic group,,,Controlled drugs,A no further action disposal,,
Person and Vehicle search,2018-12-06T01:56:00+00:00,False,,,,Male,18-24,Other ethnic group - Not stated,Black,,Controlled drugs,A no further action disposal,,
Person and Vehicle search,2018-12-06T02:00:00+00:00,False,,,,Male,25-34,Other ethnic group - Not stated,Asian,,Controlled drugs,A no further action disposal,,
Person and Vehicle search,2018-12-06T02:00:00+00:00,False,,,,Male,10-17,Other ethnic group - Not stated,White,,Controlled drugs,A no further action disposal,,
Person and Vehicle search,2018-12-06T02:20:00+00:00,False,,,,Male,18-24,Other ethnic group - Not stated,White,,Article for use in theft,A no further action disposal,,
Person and Vehicle search,2018-12-06T02:45:00+00:00,False,,,,Male,25-34,Other ethnic group - Not stated,White,,Controlled drugs,A no further action disposal,,
Person and Vehicle search,2018-12-06T13:00:00+00:00,False,,,,Male,10-17,Asian/Asian British - Pakistani,Other,,Controlled drugs,Arrest,True,
Person and Vehicle search,2018-12-06T13:00:00+00:00,False,,,,Male,10-17,White - English/Welsh/Scottish/Northern Irish/British,Other,,Controlled drugs,Arrest,True,
Person search,2018-12-06T14:25:00+00:00,True,,51.630048,-0.749284,Male,18-24,Asian/Asian British - Pakistani,Asian,Misuse of Drugs Act 1971 (section 23),Controlled drugs,A no further action disposal,,False
Person search,2018-12-06T14:45:00+00:00,True,,51.628170,-0.751936,Male,18-24,Asian/Asian British - Any other Asian background,Asian,Misuse of Drugs Act 1971 (section 23),Controlled drugs,A no further action disposal,,True
Person and Vehicle search,2018-12-06T14:45:00+00:00,False,,,,Male,over 34,Other ethnic group - Not stated,Asian,,Stolen goods,A no further action disposal,,
Person and Vehicle search,2018-12-06T14:45:00+00:00,False,,,,Male,18-24,Black/African/Caribbean/Black British - Any other Black/African/Caribbean background,Black,,Stolen goods,A no further action disposal,,
Person and Vehicle search,2018-12-06T17:02:00+00:00,False,,,,Male,over 34,Black/African/Caribbean/Black British - Caribbean,Black,,Article for use in theft,A no further action disposal,,
Person and Vehicle search,2018-12-06T19:46:00+00:00,True,,,,Male,over 34,White - English/Welsh/Scottish/Northern Irish/British,White,,Controlled drugs,A no further action disposal,,
Person and Vehicle search,2018-12-06T19:47:00+00:00,True,,,,Male,over 34,White - English/Welsh/Scottish/Northern Irish/British,White,,Controlled drugs,A no further action disposal,,
Person and Vehicle search,2018-12-06T19:52:00+00:00,False,,,,Male,18-24,Black/African/Caribbean/Black British - African,Black,,Controlled drugs,Arrest,True,
Person and Vehicle search,2018-12-06T20:00:00+00:00,False,,,,Male,10-17,White - English/Welsh/Scottish/Northern Irish/British,White,,Article for use in theft,A no further action disposal,,
Person and Vehicle search,2018-12-06T20:15:00+00:00,False,,,,Male,,White - English/Welsh/Scottish/Northern Irish/British,White,,Controlled drugs,A no further action disposal,,
Person and Vehicle search,2018-12-06T20:19:00+00:00,False,,,,Male,,Other ethnic group - Not stated,White,,Controlled drugs,A no further action disposal,,
Person and Vehicle search,2018-12-06T20:21:00+00:00,False,,,,Female,18-24,White - English/Welsh/Scottish/Northern Irish/British,White,,Controlled drugs,A no further action disposal,,
Person and Vehicle search,2018-12-06T20:32:00+00:00,False,,,,Male,10-17,,White,,Firearms,A no further action disposal,,
Person and Vehicle search,2018-12-06T22:42:00+00:00,False,,,,Male,10-17,White - English/Welsh/Scottish/Northern Irish/British,White,,Offensive weapons,Arrest,True,
Person and Vehicle search,2018-12-06T23:00:00+00:00,False,,,,Male,25-34,Asian/Asian British - Any other Asian background,Asian,,Controlled drugs,A no further action disposal,,
Person and Vehicle search,2018-12-06T23:00:00+00:00,False,,,,Male,25-34,Asian/Asian British - Pakistani,Asian,,Controlled drugs,A no further action disposal,,
Person and Vehicle search,2018-12-06T23:00:00+00:00,False,,,,Male,25-34,Asian/Asian British - Pakistani,Asian,,Controlled drugs,A no further action disposal,,
Person and Vehicle search,2018-12-07T00:48:00+00:00,False,,,,Male,10-17,White - English/Welsh/Scottish/Northern Irish/British,White,,Controlled drugs,A no further action disposal,,
Person and Vehicle search,2018-12-07T00:50:00+00:00,False,,,,Male,18-24,Other ethnic group - Not stated,Black,,Article for use in theft,A no further action disposal,,
Person and Vehicle search,2018-12-07T00:50:00+00:00,False,,,,Male,18-24,White - English/Welsh/Scottish/Northern Irish/British,White,,Controlled drugs,A no further action disposal,,
Person and Vehicle search,2018-12-07T01:05:00+00:00,False,,,,Male,18-24,White - English/Welsh/Scottish/Northern Irish/British,White,,Offensive weapons,A no further action disposal,,
Person and Vehicle search,2018-12-07T02:00:00+00:00,False,,,,Female,18-24,White - English/Welsh/Scottish/Northern Irish/British,White,,Offensive weapons,A no further action disposal,,
Person and Vehicle search,2018-12-07T03:00:00+00:00,False,,,,Male,over 34,White - English/Welsh/Scottish/Northern Irish/British,White,,Stolen goods,A no further action disposal,,
Person and Vehicle search,2018-12-07T09:50:00+00:00,False,,52.024558,-0.787209,Female,25-34,Other ethnic group - Not stated,Black,Misuse of Drugs Act 1971 (section 23),Controlled drugs,A no further action disposal,,False
Person and Vehicle search,2018-12-07T10:26:00+00:00,False,,,,Male,25-34,Black/African/Caribbean/Black British - African,Black,,Controlled drugs,A no further action disposal,,
Person and Vehicle search,2018-12-07T10:47:00+00:00,False,,51.998576,-0.771771,Male,18-24,Other ethnic group - Not stated,Black,Misuse of Drugs Act 1971 (section 23),Controlled drugs,A no further action disposal,,False
Person and Vehicle search,2018-12-07T15:00:00+00:00,False,,,,Male,25-34,White - English/Welsh/Scottish/Northern Irish/British,White,,Controlled drugs,A no further action disposal,,
Person and Vehicle search,2018-12-07T15:05:00+00:00,False,,,,Male,18-24,White - English/Welsh/Scottish/Northern Irish/British,White,,Controlled drugs,A no further action disposal,,
Person and Vehicle search,2018-12-07T16:10:00+00:00,False,,,,Male,18-24,Other ethnic group - Not stated,White,,Article for use in theft,Arrest,True,
Person and Vehicle search,2018-12-07T18:48:00+00:00,False,,51.419326,-0.727056,,10-17,White - English/Welsh/Scottish/Northern Irish/British,White,Misuse of Drugs Act 1971 (section 23),Controlled drugs,A no further action disposal,,False
Person and Vehicle search,2018-12-07T19:10:00+00:00,False,,,,Male,18-24,White - English/Welsh/Scottish/Northern Irish/British,White,,Offensive weapons,A no further action disposal,,
Person and Vehicle search,2018-12-07T21:45:00+00:00,False,,,,Male,10-17,White - English/Welsh/Scottish/Northern Irish/British,White,,Controlled drugs,A no further action disposal,,
Person and Vehicle search,2018-12-08T01:20:00+00:00,False,,,,Male,25-34,White - English/Welsh/Scottish/Northern Irish/British,White,,Controlled drugs,Khat or Cannabis warning,True,
Person and Vehicle search,2018-12-08T02:59:00+00:00,False,,,,Male,18-24,White - English/Welsh/Scottish/Northern Irish/British,White,,Offensive weapons,A no further action disposal,,
Person and Vehicle search,2018-12-08T04:05:00+00:00,False,,,,Male,over 34,,White,,Offensive weapons,Arrest,True,
Person and Vehicle search,2018-12-08T12:30:00+00:00,False,,,,Male,18-24,Mixed/Multiple ethnic groups - White and Black Caribbean,Black,,Offensive weapons,A no further action disposal,,
Person and Vehicle search,2018-12-08T14:17:00+00:00,False,,51.417154,-0.747437,Male,25-34,Black/African/Caribbean/Black British - Caribbean,Black,Misuse of Drugs Act 1971 (section 23),Controlled drugs,Arrest,True,False
Person search,2018-12-08T14:30:00+00:00,False,,51.417790,-0.747161,Male,18-24,Black/African/Caribbean/Black British - African,Black,Misuse of Drugs Act 1971 (section 23),Controlled drugs,A no further action disposal,,False
Person search,2018-12-08T14:41:00+00:00,False,,51.417154,-0.747437,Male,18-24,Black/African/Caribbean/Black British - African,Black,Misuse of Drugs Act 1971 (section 23),Controlled drugs,A no further action disposal,,False
Person and Vehicle search,2018-12-08T15:34:00+00:00,False,,,,Male,10-17,Other ethnic group - Not stated,White,,Offensive weapons,Penalty Notice for Disorder,True,
Person and Vehicle search,2018-12-08T17:04:00+00:00,False,,,,Male,25-34,Black/African/Caribbean/Black British - Caribbean,Black,,Article for use in theft,A no further action disposal,,
Person and Vehicle search,2018-12-08T18:01:00+00:00,False,,,,Male,10-17,White - English/Welsh/Scottish/Northern Irish/British,White,,Article for use in theft,A no further action disposal,,
Person and Vehicle search,2018-12-08T19:30:00+00:00,False,,,,Male,10-17,White - English/Welsh/Scottish/Northern Irish/British,White,,Controlled drugs,A no further action disposal,,
Person and Vehicle search,2018-12-08T19:34:00+00:00,False,,,,Male,18-24,White - English/Welsh/Scottish/Northern Irish/British,White,,Controlled drugs,A no further action disposal,,
Person and Vehicle search,2018-12-08T19:37:00+00:00,False,,,,Male,10-17,White - English/Welsh/Scottish/Northern Irish/British,White,,Controlled drugs,A no further action disposal,,
Person and Vehicle search,2018-12-08T23:17:00+00:00,False,,,,Female,25-34,Other ethnic group - Not stated,White,,Controlled drugs,A no further action disposal,,
Person and Vehicle search,2018-12-08T23:25:00+00:00,False,,,,Male,18-24,Black/African/Caribbean/Black British - African,Black,,Controlled drugs,A no further action disposal,,
Person and Vehicle search,2018-12-08T23:25:00+00:00,False,,,,Male,18-24,Black/African/Caribbean/Black British - Caribbean,Black,,Controlled drugs,A no further action disposal,,
Person search,2018-12-08T23:29:00+00:00,False,,51.400995,-1.323214,Male,18-24,White - English/Welsh/Scottish/Northern Irish/British,White,Misuse of Drugs Act 1971 (section 23),Controlled drugs,A no further action disposal,,False
Person search,2018-12-08T23:35:00+00:00,False,,51.400995,-1.323214,Male,18-24,White - English/Welsh/Scottish/Northern Irish/British,White,Misuse of Drugs Act 1971 (section 23),Controlled drugs,A no further action disposal,,False
Person search,2018-12-08T23:39:00+00:00,False,,51.400995,-1.323214,Female,18-24,White - English/Welsh/Scottish/Northern Irish/British,White,Misuse of Drugs Act 1971 (section 23),Controlled drugs,A no further action disposal,,False
Person search,2018-12-09T00:35:00+00:00,False,,51.569528,-0.501582,Male,over 34,White - English/Welsh/Scottish/Northern Irish/British,White,Police and Criminal Evidence Act 1984 (section 1),Stolen goods,A no further action disposal,,False
Person and Vehicle search,2018-12-09T00:48:00+00:00,False,,,,Male,10-17,White - English/Welsh/Scottish/Northern Irish/British,White,,Controlled drugs,A no further action disposal,,
Person and Vehicle search,2018-12-09T01:55:00+00:00,False,,51.910223,-1.171626,Male,25-34,Black/African/Caribbean/Black British - Caribbean,Black,Misuse of Drugs Act 1971 (section 23),Controlled drugs,A no further action disposal,,True
Person and Vehicle search,2018-12-09T07:00:00+00:00,False,,,,Male,25-34,Black/African/Caribbean/Black British - Caribbean,Black,,Article for use in theft,A no further action disposal,,
Person and Vehicle search,2018-12-09T13:30:00+00:00,False,,,,Male,18-24,White - English/Welsh/Scottish/Northern Irish/British,White,,Controlled drugs,A no further action disposal,,
Person and Vehicle search,2018-12-09T15:05:00+00:00,False,,,,Male,18-24,Black/African/Caribbean/Black British - Any other Black/African/Caribbean background,Black,,Controlled drugs,Arrest,True,
Person and Vehicle search,2018-12-09T15:45:00+00:00,False,,,,Male,10-17,Asian/Asian British - Pakistani,Asian,,Stolen goods,A no further action disposal,,
Person and Vehicle search,2018-12-09T15:50:00+00:00,False,,,,Male,18-24,White - English/Welsh/Scottish/Northern Irish/British,White,,Controlled drugs,Khat or Cannabis warning,True,
Person and Vehicle search,2018-12-09T17:50:00+00:00,False,,,,Male,18-24,Other ethnic group - Not stated,Black,,Controlled drugs,A no further action disposal,,
Person and Vehicle search,2018-12-09T17:50:00+00:00,False,,,,Male,18-24,Other ethnic group - Not stated,Black,,Controlled drugs,A no further action disposal,,
Person and Vehicle search,2018-12-09T18:28:00+00:00,False,,51.416049,-0.789501,Male,18-24,White - English/Welsh/Scottish/Northern Irish/British,White,Misuse of Drugs Act 1971 (section 23),Controlled drugs,A no further action disposal,,False
Person and Vehicle search,2018-12-09T18:40:00+00:00,False,,,,Male,18-24,Black/African/Caribbean/Black British - Caribbean,Black,,Controlled drugs,Khat or Cannabis warning,True,
Person and Vehicle search,2018-12-09T18:46:00+00:00,False,,,,Male,25-34,White - Any other White background,White,,Controlled drugs,A no further action disposal,,
Person and Vehicle search,2018-12-09T19:07:00+00:00,False,,,,Male,25-34,White - English/Welsh/Scottish/Northern Irish/British,White,,Stolen goods,A no further action disposal,,
Person and Vehicle search,2018-12-09T19:40:00+00:00,False,,,,Female,over 34,White - English/Welsh/Scottish/Northern Irish/British,White,,Controlled drugs,A no further action disposal,,
Person and Vehicle search,2018-12-09T20:40:00+00:00,False,,,,Male,25-34,White - English/Welsh/Scottish/Northern Irish/British,White,,Stolen goods,A no further action disposal,,
Person and Vehicle search,2018-12-09T20:40:00+00:00,False,,,,Male,18-24,White - English/Welsh/Scottish/Northern Irish/British,White,,Stolen goods,A no further action disposal,,
Person and Vehicle search,2018-12-09T20:45:00+00:00,False,,,,Male,,Other ethnic group - Not stated,Asian,,Controlled drugs,A no further action disposal,,
Person and Vehicle search,2018-12-09T21:18:00+00:00,False,,51.579957,-0.516999,Male,25-34,White - English/Welsh/Scottish/Northern Irish/British,White,Misuse of Drugs Act 1971 (section 23),Controlled drugs,A no further action disposal,,False
Person and Vehicle search,2018-12-09T21:20:00+00:00,False,,51.579957,-0.516999,Male,18-24,White - English/Welsh/Scottish/Northern Irish/British,White,Misuse of Drugs Act 1971 (section 23),Controlled drugs,A no further action disposal,,False
Person and Vehicle search,2018-12-09T21:24:00+00:00,False,,51.579957,-0.516999,Male,25-34,White - English/Welsh/Scottish/Northern Irish/British,White,Misuse of Drugs Act 1971 (section 23),Controlled drugs,Caution (simple or conditional),True,False
Person and Vehicle search,2018-12-10T01:05:00+00:00,False,,,,Male,25-34,White - English/Welsh/Scottish/Northern Irish/British,White,,Article for use in theft,A no further action disposal,,
Person and Vehicle search,2018-12-10T03:25:00+00:00,False,,,,Male,25-34,Asian/Asian British - Pakistani,Asian,,Controlled drugs,A no further action disposal,,
Person and Vehicle search,2018-12-10T03:37:00+00:00,False,,,,Male,over 34,White - Any other White background,White,,Article for use in theft,A no further action disposal,,
Person search,2018-12-10T08:35:00+00:00,True,,52.051808,-1.340496,Male,10-17,White - English/Welsh/Scottish/Northern Irish/British,White,Police and Criminal Evidence Act 1984 (section 1),Stolen goods,A no further action disposal,,False
Person search,2018-12-10T08:58:00+00:00,True,,52.051808,-1.340496,Male,10-17,White - Any other White background,White,Police and Criminal Evidence Act 1984 (section 1),Offensive weapons,A no further action disposal,,False
Person search,2018-12-10T11:46:00+00:00,True,,52.049959,-1.345875,Male,10-17,White - English/Welsh/Scottish/Northern Irish/British,White,Misuse of Drugs Act 1971 (section 23),Controlled drugs,A no further action disposal,,False
Person search,2018-12-10T11:48:00+00:00,True,,52.049963,-1.344897,Male,10-17,White - English/Welsh/Scottish/Northern Irish/British,White,Misuse of Drugs Act 1971 (section 23),Controlled drugs,A no further action disposal,,False
Person search,2018-12-10T11:54:00+00:00,True,,52.049963,-1.344897,Male,10-17,White - English/Welsh/Scottish/Northern Irish/British,White,Misuse of Drugs Act 1971 (section 23),Controlled drugs,A no further action disposal,,False
Person and Vehicle search,2018-12-10T12:19:00+00:00,False,,,,Male,18-24,White - English/Welsh/Scottish/Northern Irish/British,White,,Article for use in theft,A no further action disposal,,
Person and Vehicle search,2018-12-10T12:40:00+00:00,False,,,,Male,10-17,White - English/Welsh/Scottish/Northern Irish/British,White,,Controlled drugs,A no further action disposal,,
Person and Vehicle search,2018-12-10T12:40:00+00:00,False,,,,Male,10-17,White - English/Welsh/Scottish/Northern Irish/British,White,,Controlled drugs,A no further action disposal,,
Person and Vehicle search,2018-12-10T12:40:00+00:00,False,,,,Male,10-17,White - English/Welsh/Scottish/Northern Irish/British,White,,Controlled drugs,A no further action disposal,,
Person and Vehicle search,2018-12-10T12:40:00+00:00,False,,,,Male,10-17,White - English/Welsh/Scottish/Northern Irish/British,White,,Controlled drugs,A no further action disposal,,
Person and Vehicle search,2018-12-10T13:00:00+00:00,False,,,,Male,25-34,Other ethnic group - Not stated,Asian,,Article for use in theft,Arrest,True,
Person and Vehicle search,2018-12-10T13:36:00+00:00,False,,,,Male,25-34,White - English/Welsh/Scottish/Northern Irish/British,White,,Controlled drugs,A no further action disposal,,
Person search,2018-12-10T13:40:00+00:00,False,,51.673267,-1.282130,Male,25-34,White - Any other White background,White,Police and Criminal Evidence Act 1984 (section 1),Article for use in theft,A no further action disposal,,False
Person and Vehicle search,2018-12-10T13:45:00+00:00,False,,,,Male,10-17,White - English/Welsh/Scottish/Northern Irish/British,White,,Offensive weapons,A no further action disposal,,
Person and Vehicle search,2018-12-10T13:45:00+00:00,False,,,,Male,10-17,Asian/Asian British - Indian,Asian,,Controlled drugs,A no further action disposal,,
Person and Vehicle search,2018-12-10T13:50:00+00:00,False,,,,Male,over 34,White - English/Welsh/Scottish/Northern Irish/British,White,,Article for use in theft,Arrest,True,
Person and Vehicle search,2018-12-10T13:50:00+00:00,False,,,,Male,over 34,White - English/Welsh/Scottish/Northern Irish/British,White,,Article for use in theft,Arrest,True,
Person search,2018-12-10T14:20:00+00:00,True,,51.749789,-1.262782,Male,18-24,Black/African/Caribbean/Black British - African,Black,Misuse of Drugs Act 1971 (section 23),Controlled drugs,A no further action disposal,,False
Person and Vehicle search,2018-12-10T14:20:00+00:00,False,,,,Male,18-24,,Black,,Controlled drugs,A no further action disposal,,
Person and Vehicle search,2018-12-10T14:50:00+00:00,False,,,,Male,25-34,White - English/Welsh/Scottish/Northern Irish/British,White,,Controlled drugs,A no further action disposal,,
Person and Vehicle search,2018-12-10T16:40:00+00:00,False,,,,Male,18-24,White - English/Welsh/Scottish/Northern Irish/British,White,,Controlled drugs,A no further action disposal,,
Person and Vehicle search,2018-12-10T16:42:00+00:00,False,,,,Male,18-24,White - English/Welsh/Scottish/Northern Irish/British,White,,Controlled drugs,A no further action disposal,,
Person and Vehicle search,2018-12-10T16:50:00+00:00,False,,,,Female,18-24,White - English/Welsh/Scottish/Northern Irish/British,White,,Controlled drugs,A no further action disposal,,
Person and Vehicle search,2018-12-10T19:24:00+00:00,False,,,,Male,10-17,White - English/Welsh/Scottish/Northern Irish/British,White,,Article for use in theft,A no further action disposal,,
Person and Vehicle search,2018-12-10T20:14:00+00:00,False,,,,Male,10-17,White - English/Welsh/Scottish/Northern Irish/British,White,,Controlled drugs,Arrest,True,
Person and Vehicle search,2018-12-10T20:32:00+00:00,False,,,,Male,18-24,Mixed/Multiple ethnic groups - White and Black Caribbean,Black,,Controlled drugs,A no further action disposal,,
Person and Vehicle search,2018-12-10T20:32:00+00:00,False,,,,Male,10-17,Mixed/Multiple ethnic groups - White and Black Caribbean,Black,,Controlled drugs,A no further action disposal,,
Person and Vehicle search,2018-12-10T20:32:00+00:00,False,,,,Male,10-17,,Black,,Controlled drugs,A no further action disposal,,
Person and Vehicle search,2018-12-10T22:00:00+00:00,False,,,,Male,25-34,Other ethnic group - Any other ethnic group,Asian,,Offensive weapons,A no further action disposal,,
Person and Vehicle search,2018-12-10T23:21:00+00:00,False,,,,Male,10-17,White - English/Welsh/Scottish/Northern Irish/British,White,,Article for use in theft,A no further action disposal,,
Person and Vehicle search,2018-12-10T23:35:00+00:00,False,,,,Male,10-17,White - English/Welsh/Scottish/Northern Irish/British,White,,Article for use in theft,A no further action disposal,,
Person search,2018-12-11T00:33:00+00:00,False,,51.910223,-1.171626,Male,10-17,White - English/Welsh/Scottish/Northern Irish/British,White,Police and Criminal Evidence Act 1984 (section 1),Stolen goods,A no further action disposal,,False
Person and Vehicle search,2018-12-11T02:45:00+00:00,False,,,,Male,10-17,White - English/Welsh/Scottish/Northern Irish/British,White,,Controlled drugs,A no further action disposal,,
Person and Vehicle search,2018-12-11T04:04:00+00:00,False,,,,Female,over 34,,Black,,Controlled drugs,A no further action disposal,,
Person and Vehicle search,2018-12-11T04:15:00+00:00,False,,,,Male,over 34,Mixed/Multiple ethnic groups - White and Black Caribbean,White,,Article for use in theft,A no further action disposal,,
Person and Vehicle search,2018-12-11T04:57:00+00:00,False,,,,Male,25-34,White - Any other White background,White,,Stolen goods,A no further action disposal,,
Person and Vehicle search,2018-12-11T05:12:00+00:00,False,,51.994231,-0.794146,Male,18-24,Black/African/Caribbean/Black British - Caribbean,Black,Misuse of Drugs Act 1971 (section 23),Controlled drugs,,,False
Person and Vehicle search,2018-12-11T05:55:00+00:00,False,,52.040209,-0.766140,Female,over 34,Black/African/Caribbean/Black British - African,Black,Misuse of Drugs Act 1971 (section 23),Controlled drugs,A no further action disposal,,False
Person and Vehicle search,2018-12-11T06:00:00+00:00,False,,52.043089,-0.766425,Male,18-24,Black/African/Caribbean/Black British - African,Black,Misuse of Drugs Act 1971 (section 23),Controlled drugs,,,False
Person search,2018-12-11T09:37:00+00:00,False,,51.635791,-0.769442,Male,18-24,Asian/Asian British - Pakistani,Asian,Misuse of Drugs Act 1971 (section 23),Controlled drugs,,,False
Person and Vehicle search,2018-12-11T12:25:00+00:00,False,,,,Male,over 34,,Asian,,Controlled drugs,A no further action disposal,,
Person and Vehicle search,2018-12-11T13:38:00+00:00,True,,51.735523,-1.215965,Male,25-34,Black/African/Caribbean/Black British - Caribbean,Black,Misuse of Drugs Act 1971 (section 23),Controlled drugs,A no further action disposal,,True
Person and Vehicle search,2018-12-11T14:38:00+00:00,False,,,,Female,over 34,White - English/Welsh/Scottish/Northern Irish/British,White,,Controlled drugs,A no further action disposal,,
Person and Vehicle search,2018-12-11T17:05:00+00:00,False,,,,Male,over 34,White - Any other White background,White,,Stolen goods,Arrest,False,
Person and Vehicle search,2018-12-11T17:05:00+00:00,False,,,,Male,over 34,White - Any other White background,White,,Stolen goods,Arrest,False,
Person and Vehicle search,2018-12-11T17:30:00+00:00,False,,,,Male,over 34,Other ethnic group - Not stated,White,,Article for use in theft,A no further action disposal,,
Person and Vehicle search,2018-12-11T17:30:00+00:00,False,,,,Male,10-17,Other ethnic group - Not stated,Black,,Controlled drugs,A no further action disposal,,
Person and Vehicle search,2018-12-11T23:10:00+00:00,False,,,,Male,25-34,Mixed/Multiple ethnic groups - White and Black Caribbean,Black,,Offensive weapons,Arrest,True,
Person and Vehicle search,2018-12-11T23:15:00+00:00,False,,,,Male,25-34,Black/African/Caribbean/Black British - African,Black,,Offensive weapons,Arrest,True,
Person search,2018-12-12T01:56:00+00:00,False,,52.064727,-1.346797,Male,18-24,Other ethnic group - Not stated,Asian,Police and Criminal Evidence Act 1984 (section 1),Article for use in theft,A no further action disposal,,False
Person and Vehicle search,2018-12-12T04:17:00+00:00,False,,,,Male,10-17,Black/African/Caribbean/Black British - African,Black,,Controlled drugs,A no further action disposal,,
Person and Vehicle search,2018-12-12T05:38:00+00:00,False,,,,Male,25-34,White - English/Welsh/Scottish/Northern Irish/British,White,,Controlled drugs,A no further action disposal,,
Person and Vehicle search,2018-12-12T12:30:00+00:00,False,,,,Male,18-24,Black/African/Caribbean/Black British - African,Black,,Controlled drugs,A no further action disposal,,
Person and Vehicle search,2018-12-12T12:30:00+00:00,False,,,,Male,18-24,Black/African/Caribbean/Black British - African,Black,,Controlled drugs,A no further action disposal,,
Person and Vehicle search,2018-12-12T14:13:00+00:00,False,,,,Male,18-24,White - Any other White background,White,,Controlled drugs,Arrest,True,
Person and Vehicle search,2018-12-12T14:55:00+00:00,False,,,,Male,over 34,Other ethnic group - Not stated,White,,Stolen goods,A no further action disposal,,
Person and Vehicle search,2018-12-12T15:00:00+00:00,False,,,,Male,25-34,,Asian,,Controlled drugs,Arrest,False,
Person and Vehicle search,2018-12-12T15:31:00+00:00,False,,,,Male,18-24,White - English/Welsh/Scottish/Northern Irish/British,White,,Stolen goods,A no further action disposal,,
Person and Vehicle search,2018-12-12T15:31:00+00:00,False,,,,Male,18-24,White - English/Welsh/Scottish/Northern Irish/British,White,,Stolen goods,A no further action disposal,,
Person and Vehicle search,2018-12-12T16:30:00+00:00,False,,,,Female,10-17,White - Any other White background,White,,Controlled drugs,A no further action disposal,,
Person and Vehicle search,2018-12-12T23:24:00+00:00,False,,,,Male,18-24,White - English/Welsh/Scottish/Northern Irish/British,White,,Controlled drugs,Khat or Cannabis warning,True,
Person and Vehicle search,2018-12-12T23:25:00+00:00,False,,,,Male,18-24,White - English/Welsh/Scottish/Northern Irish/British,White,,Controlled drugs,A no further action disposal,,
Person and Vehicle search,2018-12-12T23:27:00+00:00,False,,,,Male,18-24,White - English/Welsh/Scottish/Northern Irish/British,White,,Controlled drugs,A no further action disposal,,
Person and Vehicle search,2018-12-12T23:29:00+00:00,False,,,,Male,18-24,White - English/Welsh/Scottish/Northern Irish/British,White,,Controlled drugs,A no further action disposal,,
Person and Vehicle search,2018-12-13T00:45:00+00:00,False,,,,Male,25-34,White - English/Welsh/Scottish/Northern Irish/British,White,,Controlled drugs,A no further action disposal,,
Person and Vehicle search,2018-12-13T01:55:00+00:00,False,,,,Male,10-17,White - English/Welsh/Scottish/Northern Irish/British,White,,Article for use in theft,Arrest,False,
Person and Vehicle search,2018-12-13T05:00:00+00:00,False,,,,Male,25-34,White - English/Welsh/Scottish/Northern Irish/British,White,,Controlled drugs,Arrest,True,
Person and Vehicle search,2018-12-13T14:13:00+00:00,False,,,,Male,18-24,White - English/Welsh/Scottish/Northern Irish/British,White,,Controlled drugs,Arrest,True,
Person and Vehicle search,2018-12-13T14:20:00+00:00,False,,,,Male,18-24,Mixed/Multiple ethnic groups - White and Black African,Black,,Controlled drugs,Arrest,True,
Person and Vehicle search,2018-12-13T14:56:00+00:00,False,,51.635399,-0.774900,Male,25-34,Other ethnic group - Not stated,Asian,Misuse of Drugs Act 1971 (section 23),Controlled drugs,A no further action disposal,,False
Person and Vehicle search,2018-12-13T14:59:00+00:00,False,,51.635399,-0.774900,Male,25-34,Asian/Asian British - Pakistani,Asian,Misuse of Drugs Act 1971 (section 23),Controlled drugs,A no further action disposal,,False
Person and Vehicle search,2018-12-13T15:45:00+00:00,False,,51.627520,-0.749093,Male,25-34,Asian/Asian British - Pakistani,Asian,Misuse of Drugs Act 1971 (section 23),Controlled drugs,A no further action disposal,,False
Person and Vehicle search,2018-12-13T21:35:00+00:00,False,,,,Male,25-34,Asian/Asian British - Pakistani,Asian,,Offensive weapons,A no further action disposal,,
Person and Vehicle search,2018-12-13T22:00:00+00:00,False,,,,Male,10-17,,Asian,,Offensive weapons,A no further action disposal,,
Person and Vehicle search,2018-12-14T03:35:00+00:00,True,,,,Male,over 34,,White,,Article for use in theft,A no further action disposal,,
Person and Vehicle search,2018-12-14T04:15:00+00:00,False,,,,Male,18-24,White - English/Welsh/Scottish/Northern Irish/British,White,,Article for use in theft,A no further action disposal,,
Person and Vehicle search,2018-12-14T14:00:00+00:00,True,,,,Male,18-24,Black/African/Caribbean/Black British - Caribbean,Black,,Controlled drugs,A no further action disposal,,
Person and Vehicle search,2018-12-14T15:50:00+00:00,False,,,,Male,10-17,Other ethnic group - Not stated,Black,,Stolen goods,A no further action disposal,,
Person and Vehicle search,2018-12-14T20:30:00+00:00,True,,,,Male,25-34,Other ethnic group - Not stated,Black,,Controlled drugs,Arrest,True,
Person and Vehicle search,2018-12-14T21:45:00+00:00,False,,,,Male,18-24,White - English/Welsh/Scottish/Northern Irish/British,White,,Controlled drugs,A no further action disposal,,
Person and Vehicle search,2018-12-14T22:20:00+00:00,False,,,,Male,25-34,White - English/Welsh/Scottish/Northern Irish/British,White,,Controlled drugs,Arrest,True,
Person and Vehicle search,2018-12-14T23:10:00+00:00,False,,,,Male,18-24,Other ethnic group - Not stated,Black,,Controlled drugs,A no further action disposal,,
Person search,2018-12-15T00:00:00+00:00,False,,51.778620,-1.503855,Male,25-34,White - English/Welsh/Scottish/Northern Irish/British,White,Police and Criminal Evidence Act 1984 (section 1),Offensive weapons,A no further action disposal,,False
Person and Vehicle search,2018-12-15T00:30:00+00:00,False,,,,Male,25-34,Other ethnic group - Not stated,Black,,Controlled drugs,Arrest,True,
Person and Vehicle search,2018-12-15T01:14:00+00:00,False,,51.509258,-0.585914,,18-24,Asian/Asian British - Pakistani,Asian,Misuse of Drugs Act 1971 (section 23),Controlled drugs,Khat or Cannabis warning,True,False
Person and Vehicle search,2018-12-15T03:45:00+00:00,False,,,,Male,25-34,Other ethnic group - Not stated,Black,,Controlled drugs,A no further action disposal,,
Person and Vehicle search,2018-12-15T18:40:00+00:00,False,,,,Male,18-24,White - English/Welsh/Scottish/Northern Irish/British,White,,Controlled drugs,A no further action disposal,,
Person and Vehicle search,2018-12-15T19:47:00+00:00,False,,,,Male,18-24,Asian/Asian British - Any other Asian background,Asian,,Controlled drugs,A no further action disposal,,
Person and Vehicle search,2018-12-15T21:50:00+00:00,False,,,,Male,18-24,White - Any other White background,White,,Controlled drugs,Arrest,True,
Person and Vehicle search,2018-12-15T21:52:00+00:00,False,,51.740796,-1.222000,Male,25-34,White - Any other White background,White,Misuse of Drugs Act 1971 (section 23),Controlled drugs,A no further action disposal,,False
Person and Vehicle search,2018-12-15T22:01:00+00:00,False,,,,Male,18-24,White - English/Welsh/Scottish/Northern Irish/British,White,,Controlled drugs,A no further action disposal,,
Person and Vehicle search,2018-12-15T22:43:00+00:00,False,,,,Male,25-34,White - English/Welsh/Scottish/Northern Irish/British,White,,Controlled drugs,Arrest,True,
Person and Vehicle search,2018-12-16T00:00:00+00:00,False,,,,Male,10-17,Black/African/Caribbean/Black British - Caribbean,Black,,Controlled drugs,A no further action disposal,,
Person and Vehicle search,2018-12-16T00:00:00+00:00,False,,,,Male,10-17,White - English/Welsh/Scottish/Northern Irish/British,White,,Controlled drugs,Arrest,True,
Person and Vehicle search,2018-12-16T00:21:00+00:00,False,,,,Male,18-24,White - English/Welsh/Scottish/Northern Irish/British,White,,Controlled drugs,A no further action disposal,,
Person and Vehicle search,2018-12-16T00:30:00+00:00,False,,,,Male,18-24,White - English/Welsh/Scottish/Northern Irish/British,White,,Controlled drugs,Khat or Cannabis warning,True,
Person and Vehicle search,2018-12-16T03:50:00+00:00,False,,,,Male,25-34,White - English/Welsh/Scottish/Northern Irish/British,White,,Offensive weapons,A no further action disposal,,
Person and Vehicle search,2018-12-16T03:50:00+00:00,False,,,,Male,25-34,White - English/Welsh/Scottish/Northern Irish/British,White,,Offensive weapons,A no further action disposal,,
Person and Vehicle search,2018-12-16T16:08:00+00:00,False,,,,Male,18-24,White - English/Welsh/Scottish/Northern Irish/British,White,,Stolen goods,A no further action disposal,,
Person and Vehicle search,2018-12-16T16:12:00+00:00,False,,,,Male,18-24,White - English/Welsh/Scottish/Northern Irish/British,White,,Stolen goods,A no further action disposal,,
Person and Vehicle search,2018-12-16T21:50:00+00:00,False,,,,Male,25-34,White - English/Welsh/Scottish/Northern Irish/British,White,,Stolen goods,A no further action disposal,,
Person and Vehicle search,2018-12-16T22:30:00+00:00,False,,,,Male,18-24,White - English/Welsh/Scottish/Northern Irish/British,White,,Article for use in theft,A no further action disposal,,
Person and Vehicle search,2018-12-16T22:50:00+00:00,False,,,,Male,,Other ethnic group - Not stated,Black,,Article for use in theft,A no further action disposal,,
Person and Vehicle search,2018-12-16T23:15:00+00:00,False,,,,Male,10-17,White - English/Welsh/Scottish/Northern Irish/British,White,,Offensive weapons,A no further action disposal,,
Person and Vehicle search,2018-12-16T23:45:00+00:00,False,,,,Male,18-24,White - Any other White background,White,,Controlled drugs,A no further action disposal,,
Person and Vehicle search,2018-12-17T16:56:00+00:00,False,,,,Male,over 34,White - English/Welsh/Scottish/Northern Irish/British,White,,Controlled drugs,A no further action disposal,,
Person search,2018-12-17T16:56:00+00:00,False,,51.575124,-0.775540,Male,10-17,Asian/Asian British - Pakistani,Asian,Police and Criminal Evidence Act 1984 (section 1),Stolen goods,A no further action disposal,,False
Person and Vehicle search,2018-12-17T17:05:00+00:00,False,,,,Male,over 34,White - English/Welsh/Scottish/Northern Irish/British,White,,Stolen goods,A no further action disposal,,
Person and Vehicle search,2018-12-17T18:18:00+00:00,False,,51.396194,-1.320295,Male,10-17,White - English/Welsh/Scottish/Northern Irish/British,White,Misuse of Drugs Act 1971 (section 23),Controlled drugs,A no further action disposal,,False
Person and Vehicle search,2018-12-17T20:13:00+00:00,False,,,,Male,25-34,White - English/Welsh/Scottish/Northern Irish/British,White,,Controlled drugs,A no further action disposal,,
Person and Vehicle search,2018-12-17T20:14:00+00:00,False,,51.396194,-1.320295,,18-24,White - English/Welsh/Scottish/Northern Irish/British,White,Misuse of Drugs Act 1971 (section 23),Controlled drugs,A no further action disposal,,False
Person and Vehicle search,2018-12-17T20:30:00+00:00,False,,51.399983,-1.320929,Female,10-17,White - English/Welsh/Scottish/Northern Irish/British,White,Misuse of Drugs Act 1971 (section 23),Controlled drugs,A no further action disposal,,False
Person and Vehicle search,2018-12-17T20:34:00+00:00,False,,51.399405,-1.317287,Male,10-17,White - English/Welsh/Scottish/Northern Irish/British,White,Misuse of Drugs Act 1971 (section 23),Controlled drugs,A no further action disposal,,False
Person and Vehicle search,2018-12-17T20:40:00+00:00,False,,51.400908,-1.319032,Male,10-17,Black/African/Caribbean/Black British - Any other Black/African/Caribbean background,Black,Misuse of Drugs Act 1971 (section 23),Controlled drugs,Community resolution,True,False
Person and Vehicle search,2018-12-17T21:40:00+00:00,False,,,,Male,18-24,Black/African/Caribbean/Black British - Caribbean,Black,,Controlled drugs,Arrest,True,
Person and Vehicle search,2018-12-18T03:15:00+00:00,False,,,,Male,18-24,Other ethnic group - Not stated,,,Controlled drugs,A no further action disposal,,
Person and Vehicle search,2018-12-18T08:50:00+00:00,False,,,,Male,over 34,Other ethnic group - Not stated,Asian,,Controlled drugs,A no further action disposal,,
Person and Vehicle search,2018-12-18T10:30:00+00:00,False,,,,Male,18-24,White - English/Welsh/Scottish/Northern Irish/British,White,,Controlled drugs,A no further action disposal,,
Person and Vehicle search,2018-12-18T11:10:00+00:00,False,,,,Male,25-34,White - English/Welsh/Scottish/Northern Irish/British,White,,Stolen goods,Arrest,True,
Person and Vehicle search,2018-12-18T11:20:00+00:00,False,,,,Male,18-24,Mixed/Multiple ethnic groups - White and Black Caribbean,Black,,Offensive weapons,A no further action disposal,,
Person and Vehicle search,2018-12-18T15:35:00+00:00,False,,,,Male,18-24,Black/African/Caribbean/Black British - Any other Black/African/Caribbean background,Black,,Controlled drugs,A no further action disposal,,
Person and Vehicle search,2018-12-18T15:35:00+00:00,False,,,,Male,18-24,Black/African/Caribbean/Black British - Any other Black/African/Caribbean background,Black,,Controlled drugs,A no further action disposal,,
Person and Vehicle search,2018-12-18T15:40:00+00:00,False,,,,Male,over 34,,Black,,Controlled drugs,A no further action disposal,,
Person and Vehicle search,2018-12-18T17:12:00+00:00,False,,,,Male,10-17,White - English/Welsh/Scottish/Northern Irish/British,White,,Offensive weapons,A no further action disposal,,
Person and Vehicle search,2018-12-18T20:10:00+00:00,False,,,,Male,18-24,Asian/Asian British - Pakistani,Asian,,Controlled drugs,Arrest,True,
Person and Vehicle search,2018-12-18T20:10:00+00:00,False,,,,Male,18-24,Asian/Asian British - Pakistani,Asian,,Controlled drugs,Arrest,True,
Person and Vehicle search,2018-12-18T22:15:00+00:00,False,,,,Male,25-34,White - English/Welsh/Scottish/Northern Irish/British,White,,Controlled drugs,A no further action disposal,,
Person and Vehicle search,2018-12-18T22:18:00+00:00,False,,,,Female,18-24,White - English/Welsh/Scottish/Northern Irish/British,White,,Controlled drugs,A no further action disposal,,
Person and Vehicle search,2018-12-18T23:25:00+00:00,False,,,,Male,25-34,White - Any other White background,White,,Controlled drugs,Arrest,True,
Person and Vehicle search,2018-12-19T00:31:00+00:00,False,,,,Male,18-24,Other ethnic group - Not stated,White,,Article for use in theft,A no further action disposal,,
Person and Vehicle search,2018-12-19T03:15:00+00:00,False,,,,Male,18-24,,White,,Article for use in theft,A no further action disposal,,
Person and Vehicle search,2018-12-19T04:06:00+00:00,False,,,,Male,,Asian/Asian British - Pakistani,Asian,,Controlled drugs,A no further action disposal,,
Person and Vehicle search,2018-12-19T04:20:00+00:00,False,,,,Male,over 34,Other ethnic group - Not stated,Asian,,Controlled drugs,A no further action disposal,,
Person and Vehicle search,2018-12-19T11:45:00+00:00,False,,,,Male,10-17,Asian/Asian British - Pakistani,Asian,,Controlled drugs,Arrest,True,
Person and Vehicle search,2018-12-19T11:45:00+00:00,False,,,,Male,18-24,Other ethnic group - Not stated,Black,,Controlled drugs,Arrest,True,
Person and Vehicle search,2018-12-19T11:49:00+00:00,False,,,,Female,18-24,Mixed/Multiple ethnic groups - Any other Mixed/Multiple ethnic background,White,,Stolen goods,A no further action disposal,,
Person and Vehicle search,2018-12-19T12:40:00+00:00,False,,,,Male,25-34,White - English/Welsh/Scottish/Northern Irish/British,White,,Controlled drugs,Khat or Cannabis warning,True,
Person and Vehicle search,2018-12-19T12:45:00+00:00,False,,,,Male,25-34,White - English/Welsh/Scottish/Northern Irish/British,White,,Controlled drugs,Penalty Notice for Disorder,True,
Person and Vehicle search,2018-12-19T13:00:00+00:00,False,,,,Male,25-34,White - English/Welsh/Scottish/Northern Irish/British,White,,Controlled drugs,A no further action disposal,,
Person and Vehicle search,2018-12-19T13:05:00+00:00,False,,,,Male,18-24,White - English/Welsh/Scottish/Northern Irish/British,White,,Controlled drugs,A no further action disposal,,
Person and Vehicle search,2018-12-19T13:15:00+00:00,False,,,,Male,18-24,White - English/Welsh/Scottish/Northern Irish/British,White,,Controlled drugs,A no further action disposal,,
Person and Vehicle search,2018-12-19T15:26:00+00:00,False,,,,Male,18-24,,Black,,Controlled drugs,Arrest,True,
Person and Vehicle search,2018-12-19T15:35:00+00:00,False,,,,Male,18-24,Other ethnic group - Not stated,Black,,Controlled drugs,Arrest,True,
Person and Vehicle search,2018-12-19T15:40:00+00:00,False,,,,Female,over 34,Other ethnic group - Not stated,White,,Stolen goods,A no further action disposal,,
Person and Vehicle search,2018-12-19T16:00:00+00:00,False,,,,Male,18-24,Black/African/Caribbean/Black British - Any other Black/African/Caribbean background,Black,,Controlled drugs,Arrest,True,
Person and Vehicle search,2018-12-19T16:20:00+00:00,False,,,,Male,10-17,Black/African/Caribbean/Black British - African,Black,,Controlled drugs,Arrest,True,
Person and Vehicle search,2018-12-19T16:25:00+00:00,False,,,,Male,18-24,White - English/Welsh/Scottish/Northern Irish/British,White,,Controlled drugs,Arrest,True,
Person and Vehicle search,2018-12-19T17:00:00+00:00,False,,,,Male,10-17,Other ethnic group - Not stated,Black,,Controlled drugs,A no further action disposal,,
Person and Vehicle search,2018-12-19T17:40:00+00:00,False,,,,Male,18-24,Other ethnic group - Not stated,Asian,,Controlled drugs,Caution (simple or conditional),True,
Person and Vehicle search,2018-12-19T17:45:00+00:00,False,,,,Male,18-24,White - English/Welsh/Scottish/Northern Irish/British,White,,Controlled drugs,A no further action disposal,,
Person and Vehicle search,2018-12-19T17:45:00+00:00,False,,,,Male,18-24,White - English/Welsh/Scottish/Northern Irish/British,White,,Controlled drugs,Khat or Cannabis warning,True,
Person and Vehicle search,2018-12-19T17:50:00+00:00,False,,,,Male,10-17,White - English/Welsh/Scottish/Northern Irish/British,White,,Controlled drugs,A no further action disposal,,
Person and Vehicle search,2018-12-19T17:57:00+00:00,False,,,,Male,18-24,White - English/Welsh/Scottish/Northern Irish/British,White,,Controlled drugs,A no further action disposal,,
Person and Vehicle search,2018-12-19T18:00:00+00:00,False,,,,Male,18-24,Mixed/Multiple ethnic groups - White and Black African,Black,,Controlled drugs,A no further action disposal,,
Person and Vehicle search,2018-12-19T18:45:00+00:00,False,,,,Male,18-24,,White,,Controlled drugs,A no further action disposal,,
Person and Vehicle search,2018-12-19T18:52:00+00:00,False,,,,Female,18-24,White - English/Welsh/Scottish/Northern Irish/British,White,,Controlled drugs,A no further action disposal,,
Person and Vehicle search,2018-12-19T20:52:00+00:00,False,,,,Male,18-24,Mixed/Multiple ethnic groups - White and Asian,Asian,,Offensive weapons,Arrest,False,
Person search,2018-12-19T22:59:00+00:00,False,,51.627520,-0.749093,Male,18-24,Asian/Asian British - Pakistani,Asian,Misuse of Drugs Act 1971 (section 23),Controlled drugs,Arrest,True,False
Person and Vehicle search,2018-12-20T00:30:00+00:00,False,,,,Male,25-34,,Black,,Stolen goods,A no further action disposal,,
Person and Vehicle search,2018-12-20T00:30:00+00:00,False,,,,Male,25-34,White - English/Welsh/Scottish/Northern Irish/British,White,,Stolen goods,A no further action disposal,,
Person and Vehicle search,2018-12-20T01:05:00+00:00,False,,,,Male,over 34,Black/African/Caribbean/Black British - Any other Black/African/Caribbean background,Black,,Article for use in theft,A no further action disposal,,
Person and Vehicle search,2018-12-20T01:05:00+00:00,False,,,,Male,over 34,White - English/Welsh/Scottish/Northern Irish/British,White,,Article for use in theft,Arrest,True,
Person and Vehicle search,2018-12-20T01:30:00+00:00,False,,,,Male,18-24,Other ethnic group - Not stated,White,,Controlled drugs,A no further action disposal,,
Person and Vehicle search,2018-12-20T13:00:00+00:00,False,,,,Female,over 34,Other ethnic group - Not stated,Black,,Controlled drugs,A no further action disposal,,
Person and Vehicle search,2018-12-20T13:00:00+00:00,True,,,,Male,18-24,Other ethnic group - Not stated,Black,,Offensive weapons,A no further action disposal,,
Person and Vehicle search,2018-12-20T13:30:00+00:00,False,,,,Male,25-34,White - English/Welsh/Scottish/Northern Irish/British,White,,Controlled drugs,A no further action disposal,,
Person and Vehicle search,2018-12-20T16:01:00+00:00,False,,,,Male,over 34,Asian/Asian British - Pakistani,Asian,,Article for use in theft,A no further action disposal,,
Person and Vehicle search,2018-12-20T16:15:00+00:00,False,,,,Male,25-34,,White,,Controlled drugs,A no further action disposal,,
Person and Vehicle search,2018-12-20T16:21:00+00:00,False,,,,Male,18-24,White - English/Welsh/Scottish/Northern Irish/British,White,,Controlled drugs,A no further action disposal,,
Person and Vehicle search,2018-12-20T19:45:00+00:00,False,,,,Male,10-17,White - English/Welsh/Scottish/Northern Irish/British,White,,Controlled drugs,A no further action disposal,,
Person and Vehicle search,2018-12-20T20:01:00+00:00,False,,,,Male,18-24,White - English/Welsh/Scottish/Northern Irish/British,White,,Controlled drugs,A no further action disposal,,
Person and Vehicle search,2018-12-20T21:20:00+00:00,False,,,,Male,10-17,White - English/Welsh/Scottish/Northern Irish/British,White,,Controlled drugs,A no further action disposal,,
Person and Vehicle search,2018-12-20T23:59:00+00:00,False,,,,Female,18-24,White - English/Welsh/Scottish/Northern Irish/British,White,,Controlled drugs,A no further action disposal,,
Person and Vehicle search,2018-12-20T23:59:00+00:00,False,,,,Female,18-24,White - English/Welsh/Scottish/Northern Irish/British,White,,Controlled drugs,A no further action disposal,,
Person and Vehicle search,2018-12-21T00:10:00+00:00,False,,,,Male,,White - English/Welsh/Scottish/Northern Irish/British,White,,Article for use in theft,A no further action disposal,,
Person and Vehicle search,2018-12-21T11:00:00+00:00,False,,,,Male,10-17,Other ethnic group - Not stated,Asian,,Offensive weapons,Community resolution,False,
Person and Vehicle search,2018-12-21T11:00:00+00:00,False,,,,Male,10-17,Other ethnic group - Not stated,Asian,,Offensive weapons,Community resolution,False,
Person and Vehicle search,2018-12-21T11:05:00+00:00,False,,,,Male,18-24,Other ethnic group - Not stated,Asian,,Offensive weapons,Community resolution,False,
Person and Vehicle search,2018-12-21T11:41:00+00:00,False,,,,Male,18-24,White - English/Welsh/Scottish/Northern Irish/British,White,,Controlled drugs,A no further action disposal,,
Person and Vehicle search,2018-12-21T15:15:00+00:00,False,,,,Male,10-17,Black/African/Caribbean/Black British - Caribbean,Black,,Controlled drugs,A no further action disposal,,
Person and Vehicle search,2018-12-21T20:40:00+00:00,False,,,,Male,18-24,White - English/Welsh/Scottish/Northern Irish/British,White,,Controlled drugs,A no further action disposal,,
Person and Vehicle search,2018-12-21T20:40:00+00:00,False,,,,Male,18-24,White - English/Welsh/Scottish/Northern Irish/British,White,,Controlled drugs,A no further action disposal,,
Person and Vehicle search,2018-12-21T20:40:00+00:00,False,,,,Male,18-24,White - English/Welsh/Scottish/Northern Irish/British,White,,Controlled drugs,Penalty Notice for Disorder,True,
Person and Vehicle search,2018-12-21T21:40:00+00:00,False,,,,Male,over 34,White - English/Welsh/Scottish/Northern Irish/British,White,,Controlled drugs,Arrest,True,
Person and Vehicle search,2018-12-21T21:40:00+00:00,False,,,,Male,over 34,White - English/Welsh/Scottish/Northern Irish/British,White,,Controlled drugs,Arrest,True,
Person and Vehicle search,2018-12-21T21:40:00+00:00,False,,,,Male,10-17,White - Any other White background,White,,Article for use in theft,Khat or Cannabis warning,True,
Person and Vehicle search,2018-12-21T21:45:00+00:00,False,,,,Male,10-17,Other ethnic group - Not stated,White,,Article for use in theft,A no further action disposal,,
Person and Vehicle search,2018-12-21T22:30:00+00:00,False,,,,Male,18-24,White - English/Welsh/Scottish/Northern Irish/British,White,,Controlled drugs,Khat or Cannabis warning,True,
Person and Vehicle search,2018-12-21T23:25:00+00:00,False,,,,Male,18-24,White - English/Welsh/Scottish/Northern Irish/British,White,,Controlled drugs,Khat or Cannabis warning,True,
Person and Vehicle search,2018-12-21T23:45:00+00:00,False,,,,Male,10-17,White - English/Welsh/Scottish/Northern Irish/British,White,,Stolen goods,A no further action disposal,,
Person and Vehicle search,2018-12-22T00:05:00+00:00,False,,,,Male,18-24,Other ethnic group - Not stated,Black,,Controlled drugs,Arrest,True,
Person and Vehicle search,2018-12-22T00:07:00+00:00,False,,,,Male,18-24,Mixed/Multiple ethnic groups - White and Black Caribbean,Black,,Controlled drugs,A no further action disposal,,
Person and Vehicle search,2018-12-22T01:01:00+00:00,False,,,,Male,18-24,White - English/Welsh/Scottish/Northern Irish/British,White,,Controlled drugs,Arrest,True,
Person and Vehicle search,2018-12-22T01:10:00+00:00,False,,,,Male,over 34,White - English/Welsh/Scottish/Northern Irish/British,White,,Article for use in theft,A no further action disposal,,
Person and Vehicle search,2018-12-22T02:30:00+00:00,False,,,,Male,18-24,White - English/Welsh/Scottish/Northern Irish/British,White,,Controlled drugs,Arrest,True,
Person and Vehicle search,2018-12-22T02:30:00+00:00,False,,,,Male,18-24,White - English/Welsh/Scottish/Northern Irish/British,White,,Controlled drugs,Arrest,True,
Person and Vehicle search,2018-12-22T03:00:00+00:00,False,,,,Male,18-24,Mixed/Multiple ethnic groups - White and Asian,Asian,,Offensive weapons,A no further action disposal,,
Person and Vehicle search,2018-12-22T10:57:00+00:00,False,,,,Male,over 34,White - English/Welsh/Scottish/Northern Irish/British,White,,Stolen goods,A no further action disposal,,
Person and Vehicle search,2018-12-22T15:48:00+00:00,False,,,,Male,18-24,White - English/Welsh/Scottish/Northern Irish/British,White,,Controlled drugs,A no further action disposal,,
Person and Vehicle search,2018-12-22T18:25:00+00:00,False,,,,Male,25-34,White - English/Welsh/Scottish/Northern Irish/British,White,,Offensive weapons,A no further action disposal,,
Person and Vehicle search,2018-12-22T18:43:00+00:00,False,,,,Male,18-24,White - English/Welsh/Scottish/Northern Irish/British,White,,Controlled drugs,A no further action disposal,,
Person and Vehicle search,2018-12-22T19:30:00+00:00,False,,,,Male,10-17,Mixed/Multiple ethnic groups - White and Black African,Black,,Offensive weapons,A no further action disposal,,
Person and Vehicle search,2018-12-22T19:36:00+00:00,False,,,,Female,25-34,,White,,Offensive weapons,A no further action disposal,,
Person and Vehicle search,2018-12-22T19:36:00+00:00,False,,,,Male,,White - English/Welsh/Scottish/Northern Irish/British,White,,Offensive weapons,A no further action disposal,,
Person and Vehicle search,2018-12-22T20:15:00+00:00,False,,,,Male,18-24,Black/African/Caribbean/Black British - African,Black,,Article for use in theft,A no further action disposal,,
Person and Vehicle search,2018-12-22T21:45:00+00:00,False,,,,Male,25-34,White - English/Welsh/Scottish/Northern Irish/British,White,,Controlled drugs,A no further action disposal,,
Person and Vehicle search,2018-12-22T21:55:00+00:00,False,,,,Male,25-34,White - English/Welsh/Scottish/Northern Irish/British,White,,Controlled drugs,A no further action disposal,,
Person and Vehicle search,2018-12-22T23:20:00+00:00,False,,,,Male,over 34,White - English/Welsh/Scottish/Northern Irish/British,White,,Controlled drugs,Arrest,True,
Person and Vehicle search,2018-12-22T23:25:00+00:00,False,,,,Male,over 34,Asian/Asian British - Indian,Asian,,Controlled drugs,Arrest,True,
Person and Vehicle search,2018-12-22T23:45:00+00:00,False,,,,Male,18-24,White - English/Welsh/Scottish/Northern Irish/British,White,,Controlled drugs,A no further action disposal,,
Person and Vehicle search,2018-12-22T23:59:00+00:00,False,,,,Male,18-24,White - English/Welsh/Scottish/Northern Irish/British,White,,Controlled drugs,Khat or Cannabis warning,True,
Person and Vehicle search,2018-12-23T01:30:00+00:00,False,,,,Male,10-17,White - English/Welsh/Scottish/Northern Irish/British,White,,Offensive weapons,Arrest,False,
Person and Vehicle search,2018-12-23T01:40:00+00:00,False,,,,Male,10-17,Other ethnic group - Not stated,Black,,Offensive weapons,Arrest,True,
Person and Vehicle search,2018-12-23T02:00:00+00:00,False,,,,Male,,Other ethnic group - Not stated,White,,Stolen goods,A no further action disposal,,
Person and Vehicle search,2018-12-23T06:10:00+00:00,False,,,,Male,over 34,White - English/Welsh/Scottish/Northern Irish/British,White,,Stolen goods,Arrest,True,
Person and Vehicle search,2018-12-23T06:10:00+00:00,False,,,,Female,18-24,White - English/Welsh/Scottish/Northern Irish/British,White,,Stolen goods,Arrest,True,
Vehicle search,2018-12-23T15:05:00+00:00,False,,,,,,,,,Offensive weapons,A no further action disposal,,
Person and Vehicle search,2018-12-23T16:15:00+00:00,False,,,,Male,over 34,Other ethnic group - Not stated,Black,,Controlled drugs,A no further action disposal,,
Person and Vehicle search,2018-12-23T20:04:00+00:00,False,,,,Male,25-34,Asian/Asian British - Pakistani,Asian,,Firearms,A no further action disposal,,
Person and Vehicle search,2018-12-23T20:04:00+00:00,False,,,,Male,18-24,White - English/Welsh/Scottish/Northern Irish/British,White,,Firearms,A no further action disposal,,
Person and Vehicle search,2018-12-24T01:55:00+00:00,False,,,,Male,18-24,Mixed/Multiple ethnic groups - White and Black Caribbean,Black,,Controlled drugs,A no further action disposal,,
Person and Vehicle search,2018-12-24T09:30:00+00:00,False,,,,Male,over 34,White - English/Welsh/Scottish/Northern Irish/British,White,,Article for use in theft,A no further action disposal,,
Person and Vehicle search,2018-12-24T09:31:00+00:00,False,,,,Male,over 34,White - English/Welsh/Scottish/Northern Irish/British,White,,Article for use in theft,A no further action disposal,,
Person and Vehicle search,2018-12-24T11:20:00+00:00,False,,,,Male,25-34,White - Any other White background,White,,Controlled drugs,A no further action disposal,,
Person and Vehicle search,2018-12-24T11:20:00+00:00,False,,,,Female,25-34,White - English/Welsh/Scottish/Northern Irish/British,White,,Controlled drugs,A no further action disposal,,
Person and Vehicle search,2018-12-24T11:20:00+00:00,False,,,,Female,over 34,White - English/Welsh/Scottish/Northern Irish/British,White,,Controlled drugs,A no further action disposal,,
Person and Vehicle search,2018-12-24T17:30:00+00:00,False,,,,Male,over 34,Asian/Asian British - Any other Asian background,Asian,,Controlled drugs,A no further action disposal,,
Person and Vehicle search,2018-12-24T17:30:00+00:00,False,,,,Female,over 34,Asian/Asian British - Indian,Asian,,Controlled drugs,A no further action disposal,,
Person and Vehicle search,2018-12-24T17:30:00+00:00,False,,,,Male,25-34,White - English/Welsh/Scottish/Northern Irish/British,White,,Controlled drugs,A no further action disposal,,
Person and Vehicle search,2018-12-25T11:09:00+00:00,False,,,,Male,10-17,Black/African/Caribbean/Black British - Any other Black/African/Caribbean background,Black,,Controlled drugs,A no further action disposal,,
Person and Vehicle search,2018-12-25T11:09:00+00:00,False,,,,Male,10-17,White - English/Welsh/Scottish/Northern Irish/British,White,,Controlled drugs,A no further action disposal,,
Person and Vehicle search,2018-12-25T12:30:00+00:00,False,,,,Male,25-34,,Asian,,Controlled drugs,A no further action disposal,,
Person and Vehicle search,2018-12-25T12:30:00+00:00,False,,,,Male,25-34,Asian/Asian British - Pakistani,Asian,,Controlled drugs,Arrest,False,
Person and Vehicle search,2018-12-25T21:10:00+00:00,False,,,,Male,over 34,White - English/Welsh/Scottish/Northern Irish/British,White,,Controlled drugs,Community resolution,True,
Person and Vehicle search,2018-12-25T23:45:00+00:00,False,,,,Male,25-34,White - Any other White background,White,,Controlled drugs,A no further action disposal,,
Person and Vehicle search,2018-12-25T23:45:00+00:00,False,,,,Male,25-34,White - Any other White background,White,,Controlled drugs,A no further action disposal,,
Person and Vehicle search,2018-12-26T00:50:00+00:00,False,,51.399405,-1.317287,Male,25-34,White - English/Welsh/Scottish/Northern Irish/British,White,Misuse of Drugs Act 1971 (section 23),Controlled drugs,A no further action disposal,,False
Person and Vehicle search,2018-12-26T02:00:00+00:00,False,,,,Male,10-17,White - English/Welsh/Scottish/Northern Irish/British,White,,Controlled drugs,A no further action disposal,,
Person and Vehicle search,2018-12-26T02:00:00+00:00,False,,,,Male,10-17,White - English/Welsh/Scottish/Northern Irish/British,White,,Controlled drugs,A no further action disposal,,
Person and Vehicle search,2018-12-26T02:20:00+00:00,False,,,,Male,18-24,Black/African/Caribbean/Black British - Any other Black/African/Caribbean background,Black,,Controlled drugs,A no further action disposal,,
Person and Vehicle search,2018-12-26T02:20:00+00:00,False,,,,Male,18-24,Black/African/Caribbean/Black British - Any other Black/African/Caribbean background,Black,,Controlled drugs,A no further action disposal,,
Person and Vehicle search,2018-12-26T03:01:00+00:00,False,,,,Female,25-34,White - English/Welsh/Scottish/Northern Irish/British,White,,Controlled drugs,A no further action disposal,,
Person and Vehicle search,2018-12-26T03:37:00+00:00,False,,,,Male,10-17,White - Any other White background,White,,Stolen goods,A no further action disposal,,
Person and Vehicle search,2018-12-26T09:40:00+00:00,False,,,,Male,18-24,,Asian,,Controlled drugs,A no further action disposal,,
Person and Vehicle search,2018-12-26T09:40:00+00:00,False,,,,Male,18-24,Asian/Asian British - Any other Asian background,Asian,,Controlled drugs,A no further action disposal,,
Person and Vehicle search,2018-12-26T18:05:00+00:00,False,,,,Male,18-24,White - English/Welsh/Scottish/Northern Irish/British,White,,Controlled drugs,Arrest,False,
Person and Vehicle search,2018-12-26T18:30:00+00:00,False,,,,Female,10-17,Mixed/Multiple ethnic groups - Any other Mixed/Multiple ethnic background,Black,,Controlled drugs,A no further action disposal,,
Person and Vehicle search,2018-12-26T20:20:00+00:00,False,,,,Male,25-34,White - English/Welsh/Scottish/Northern Irish/British,White,,Controlled drugs,Arrest,True,
Person and Vehicle search,2018-12-26T20:22:00+00:00,False,,,,Female,25-34,White - English/Welsh/Scottish/Northern Irish/British,White,,Controlled drugs,Arrest,True,
Person and Vehicle search,2018-12-26T20:50:00+00:00,False,,51.400066,-1.318067,Male,18-24,White - English/Welsh/Scottish/Northern Irish/British,White,Misuse of Drugs Act 1971 (section 23),Controlled drugs,A no further action disposal,,False
Person and Vehicle search,2018-12-26T23:10:00+00:00,False,,,,Male,25-34,White - English/Welsh/Scottish/Northern Irish/British,White,,Stolen goods,A no further action disposal,,
Person and Vehicle search,2018-12-27T13:42:00+00:00,False,,,,Female,10-17,,White,,Stolen goods,A no further action disposal,,
Person and Vehicle search,2018-12-27T13:44:00+00:00,False,,,,Female,10-17,,White,,Stolen goods,A no further action disposal,,
Person and Vehicle search,2018-12-27T18:00:00+00:00,False,,,,Male,25-34,Black/African/Caribbean/Black British - African,Black,,Controlled drugs,A no further action disposal,,
Person and Vehicle search,2018-12-27T18:35:00+00:00,False,,,,Male,18-24,White - English/Welsh/Scottish/Northern Irish/British,White,,Controlled drugs,A no further action disposal,,
Person and Vehicle search,2018-12-27T19:20:00+00:00,False,,,,Male,25-34,White - English/Welsh/Scottish/Northern Irish/British,White,,Controlled drugs,A no further action disposal,,
Person and Vehicle search,2018-12-27T19:39:00+00:00,False,,,,Male,25-34,White - English/Welsh/Scottish/Northern Irish/British,White,,Offensive weapons,A no further action disposal,,
Person and Vehicle search,2018-12-27T20:20:00+00:00,False,,,,Male,25-34,Other ethnic group - Not stated,White,,Controlled drugs,A no further action disposal,,
Person and Vehicle search,2018-12-27T20:40:00+00:00,False,,,,Male,10-17,Mixed/Multiple ethnic groups - White and Asian,White,,Stolen goods,A no further action disposal,,
Person and Vehicle search,2018-12-27T20:46:00+00:00,False,,,,Male,10-17,Mixed/Multiple ethnic groups - White and Black Caribbean,Black,,Stolen goods,A no further action disposal,,
Person and Vehicle search,2018-12-27T20:47:00+00:00,False,,,,Male,10-17,Black/African/Caribbean/Black British - Caribbean,Black,,Stolen goods,A no further action disposal,,
Person and Vehicle search,2018-12-27T22:05:00+00:00,False,,,,Female,over 34,Other ethnic group - Not stated,Black,,Controlled drugs,A no further action disposal,,
Person and Vehicle search,2018-12-28T11:50:00+00:00,False,,,,Male,25-34,,White,,Controlled drugs,A no further action disposal,,
Person and Vehicle search,2018-12-28T15:30:00+00:00,False,,,,Male,18-24,Black/African/Caribbean/Black British - African,Black,,Controlled drugs,A no further action disposal,,
Person and Vehicle search,2018-12-28T18:31:00+00:00,False,,,,Male,25-34,White - English/Welsh/Scottish/Northern Irish/British,White,,Controlled drugs,A no further action disposal,,
Person and Vehicle search,2018-12-28T18:40:00+00:00,False,,,,Female,over 34,White - English/Welsh/Scottish/Northern Irish/British,White,,Controlled drugs,A no further action disposal,,
Person and Vehicle search,2018-12-28T20:22:00+00:00,False,,,,Female,over 34,White - English/Welsh/Scottish/Northern Irish/British,White,,Controlled drugs,Arrest,False,
Person and Vehicle search,2018-12-28T20:31:00+00:00,False,,,,Male,25-34,White - Any other White background,White,,Controlled drugs,Arrest,True,
Person and Vehicle search,2018-12-28T22:47:00+00:00,False,,,,Male,25-34,Asian/Asian British - Pakistani,Asian,,Controlled drugs,A no further action disposal,,
Person and Vehicle search,2018-12-28T22:47:00+00:00,False,,,,Male,25-34,Asian/Asian British - Pakistani,Asian,,Controlled drugs,Penalty Notice for Disorder,True,
Person and Vehicle search,2018-12-28T23:00:00+00:00,False,,,,Male,25-34,Other ethnic group - Not stated,Asian,,Offensive weapons,A no further action disposal,,
Person and Vehicle search,2018-12-28T23:10:00+00:00,False,,,,Male,25-34,Asian/Asian British - Indian,Asian,,Controlled drugs,A no further action disposal,,
Person and Vehicle search,2018-12-28T23:10:00+00:00,False,,,,Male,18-24,White - English/Welsh/Scottish/Northern Irish/British,White,,Controlled drugs,A no further action disposal,,
Person and Vehicle search,2018-12-28T23:15:00+00:00,False,,,,Male,25-34,Asian/Asian British - Any other Asian background,Asian,,Controlled drugs,A no further action disposal,,
Person and Vehicle search,2018-12-29T00:40:00+00:00,False,,,,Male,over 34,Black/African/Caribbean/Black British - African,Black,,Stolen goods,A no further action disposal,,
Person and Vehicle search,2018-12-29T00:50:00+00:00,False,,,,Male,18-24,Black/African/Caribbean/Black British - African,Black,,Controlled drugs,A no further action disposal,,
Person and Vehicle search,2018-12-29T00:50:00+00:00,False,,,,Male,18-24,Asian/Asian British - Pakistani,Asian,,Offensive weapons,A no further action disposal,,
Person and Vehicle search,2018-12-29T00:54:00+00:00,False,,,,Male,18-24,Asian/Asian British - Pakistani,Asian,,Offensive weapons,A no further action disposal,,
Person and Vehicle search,2018-12-29T00:59:00+00:00,False,,,,Male,18-24,Black/African/Caribbean/Black British - Caribbean,Black,,Controlled drugs,A no further action disposal,,
Person and Vehicle search,2018-12-29T02:00:00+00:00,False,,,,Male,18-24,Other ethnic group - Not stated,Asian,,Controlled drugs,A no further action disposal,,
Person and Vehicle search,2018-12-29T02:35:00+00:00,False,,,,Male,18-24,Asian/Asian British - Pakistani,Asian,,Controlled drugs,A no further action disposal,,
Person and Vehicle search,2018-12-29T11:32:00+00:00,False,,,,Male,18-24,White - English/Welsh/Scottish/Northern Irish/British,White,,Offensive weapons,A no further action disposal,,
Person and Vehicle search,2018-12-29T12:27:00+00:00,False,,,,Male,18-24,Black/African/Caribbean/Black British - Any other Black/African/Caribbean background,Black,,Controlled drugs,A no further action disposal,,
Person and Vehicle search,2018-12-29T12:27:00+00:00,False,,,,Male,18-24,Black/African/Caribbean/Black British - Any other Black/African/Caribbean background,Black,,Offensive weapons,A no further action disposal,,
Person and Vehicle search,2018-12-29T17:50:00+00:00,False,,,,Male,10-17,White - English/Welsh/Scottish/Northern Irish/British,White,,Controlled drugs,A no further action disposal,,
Person and Vehicle search,2018-12-29T17:52:00+00:00,False,,,,Male,10-17,White - English/Welsh/Scottish/Northern Irish/British,White,,Controlled drugs,A no further action disposal,,
Person and Vehicle search,2018-12-29T17:54:00+00:00,False,,,,Male,10-17,White - Any other White background,White,,Controlled drugs,A no further action disposal,,
Person and Vehicle search,2018-12-29T19:58:00+00:00,False,,,,Female,25-34,White - English/Welsh/Scottish/Northern Irish/British,White,,Controlled drugs,A no further action disposal,,
Person and Vehicle search,2018-12-29T20:45:00+00:00,False,,,,Male,18-24,White - English/Welsh/Scottish/Northern Irish/British,White,,Controlled drugs,Khat or Cannabis warning,True,
Person and Vehicle search,2018-12-29T21:15:00+00:00,False,,,,Male,over 34,Other ethnic group - Not stated,Asian,,Controlled drugs,A no further action disposal,,
Person and Vehicle search,2018-12-29T21:15:00+00:00,False,,,,Male,over 34,White - English/Welsh/Scottish/Northern Irish/British,White,,Controlled drugs,A no further action disposal,,
Person and Vehicle search,2018-12-29T21:50:00+00:00,False,,,,Male,10-17,White - English/Welsh/Scottish/Northern Irish/British,White,,Offensive weapons,Arrest,False,
Person and Vehicle search,2018-12-29T22:15:00+00:00,False,,,,Male,18-24,Black/African/Caribbean/Black British - Caribbean,Black,,Offensive weapons,A no further action disposal,,
Person and Vehicle search,2018-12-29T22:15:00+00:00,False,,,,Male,18-24,Mixed/Multiple ethnic groups - Any other Mixed/Multiple ethnic background,Black,,Offensive weapons,A no further action disposal,,
Person and Vehicle search,2018-12-29T23:41:00+00:00,False,,,,Male,10-17,White - English/Welsh/Scottish/Northern Irish/British,White,,Article for use in theft,A no further action disposal,,
Person and Vehicle search,2018-12-29T23:50:00+00:00,False,,,,Male,18-24,Mixed/Multiple ethnic groups - Any other Mixed/Multiple ethnic background,Black,,Controlled drugs,A no further action disposal,,
Person and Vehicle search,2018-12-29T23:50:00+00:00,False,,,,Male,18-24,White - English/Welsh/Scottish/Northern Irish/British,White,,Controlled drugs,A no further action disposal,,
Person and Vehicle search,2018-12-29T23:50:00+00:00,False,,,,Male,,White - English/Welsh/Scottish/Northern Irish/British,White,,Controlled drugs,A no further action disposal,,
Person and Vehicle search,2018-12-29T23:50:00+00:00,False,,,,Male,18-24,Mixed/Multiple ethnic groups - White and Black African,White,,Controlled drugs,Khat or Cannabis warning,True,
Person and Vehicle search,2018-12-30T01:00:00+00:00,False,,,,Male,18-24,Black/African/Caribbean/Black British - Any other Black/African/Caribbean background,Black,,Controlled drugs,Arrest,True,
Person and Vehicle search,2018-12-30T01:00:00+00:00,False,,,,,18-24,Black/African/Caribbean/Black British - Any other Black/African/Caribbean background,Black,,Controlled drugs,Arrest,True,
Person and Vehicle search,2018-12-30T01:00:00+00:00,False,,,,Male,18-24,Black/African/Caribbean/Black British - Any other Black/African/Caribbean background,Black,,Controlled drugs,Arrest,True,
Person and Vehicle search,2018-12-30T01:55:00+00:00,False,,,,Male,over 34,White - English/Welsh/Scottish/Northern Irish/British,White,,Stolen goods,Arrest,True,
Person and Vehicle search,2018-12-30T04:19:00+00:00,False,,,,Female,25-34,White - English/Welsh/Scottish/Northern Irish/British,White,,Stolen goods,A no further action disposal,,
Person and Vehicle search,2018-12-30T04:33:00+00:00,False,,,,Male,25-34,White - English/Welsh/Scottish/Northern Irish/British,White,,Stolen goods,A no further action disposal,,
Person and Vehicle search,2018-12-30T13:30:00+00:00,False,,,,Male,over 34,White - English/Welsh/Scottish/Northern Irish/British,White,,Stolen goods,A no further action disposal,,
Person and Vehicle search,2018-12-30T13:30:00+00:00,False,,,,Male,over 34,White - English/Welsh/Scottish/Northern Irish/British,White,,Stolen goods,Arrest,True,
Person and Vehicle search,2018-12-30T13:38:00+00:00,False,,,,Female,25-34,White - English/Welsh/Scottish/Northern Irish/British,White,,Stolen goods,Arrest,False,
Person and Vehicle search,2018-12-30T15:25:00+00:00,False,,,,Male,18-24,Mixed/Multiple ethnic groups - White and Black African,Black,,Controlled drugs,Arrest,True,
Person and Vehicle search,2018-12-30T20:00:00+00:00,False,,,,Male,18-24,White - English/Welsh/Scottish/Northern Irish/British,White,,Controlled drugs,A no further action disposal,,
Person and Vehicle search,2018-12-30T21:59:00+00:00,False,,,,Male,18-24,Asian/Asian British - Pakistani,Asian,,Stolen goods,A no further action disposal,,
Person and Vehicle search,2018-12-30T22:30:00+00:00,False,,,,Male,over 34,White - English/Welsh/Scottish/Northern Irish/British,White,,Controlled drugs,A no further action disposal,,
Person and Vehicle search,2018-12-31T13:30:00+00:00,False,,,,Male,over 34,White - English/Welsh/Scottish/Northern Irish/British,White,,Stolen goods,A no further action disposal,,
Person and Vehicle search,2018-12-31T15:25:00+00:00,False,,,,Male,25-34,White - English/Welsh/Scottish/Northern Irish/British,White,,Controlled drugs,A no further action disposal,,
Person and Vehicle search,2018-12-31T16:15:00+00:00,False,,,,Male,18-24,White - English/Welsh/Scottish/Northern Irish/British,White,,Controlled drugs,A no further action disposal,,
Person and Vehicle search,2018-12-31T22:03:00+00:00,False,,,,Male,10-17,White - English/Welsh/Scottish/Northern Irish/British,White,,Offensive weapons,A no further action disposal,,
