Type,Date,Part of a policing operation,Policing operation,Latitude,Longitude,Gender,Age range,Self-defined ethnicity,Officer-defined ethnicity,Legislation,Object of search,Outcome,Outcome linked to object of search,Removal of more than just outer clothing
Person search,2018-12-01T00:48:00+00:00,,,,,Male,18-24,Other ethnic group - Not stated,White,Firearms Act 1968 (section 47),Controlled drugs,,,
Person and Vehicle search,2018-12-01T03:00:00+00:00,,,,,Male,18-24,Other ethnic group - Not stated,White,Misuse of Drugs Act 1971 (section 23),Articles for use in criminal damage,Arrest,,
Vehicle search,2018-12-01T03:00:00+00:00,,,,,,,,,Misuse of Drugs Act 1971 (section 23),,Arrest,,
Person and Vehicle search,2018-12-01T03:00:00+00:00,,,,,Male,18-24,Other ethnic group - Not stated,White,Misuse of Drugs Act 1971 (section 23),Articles for use in criminal damage,Arrest,,
Person search,2018-12-01T05:51:00+00:00,,,,,Male,18-24,Other ethnic group - Not stated,White,Police and Criminal Evidence Act 1984 (section 1),,A no further action disposal,,
Person search,2018-12-01T05:51:00+00:00,,,,,Male,18-24,Other ethnic group - Not stated,White,Police and Criminal Evidence Act 1984 (section 1),,A no further action disposal,,
Person search,2018-12-01T08:12:00+00:00,,,53.691842,-2.224375,Male,over 34,Other ethnic group - Not stated,White,Police and Criminal Evidence Act 1984 (section 1),Fireworks,A no further action disposal,,
Person search,2018-12-01T10:10:00+00:00,,,,,Male,25-34,Other ethnic group - Not stated,White,Police and Criminal Evidence Act 1984 (section 1),Article for use in theft,Arrest,,
Person and Vehicle search,2018-12-01T19:55:00+00:00,,,,,Male,25-34,Other ethnic group - Not stated,White,Police and Criminal Evidence Act 1984 (section 1),Articles for use in criminal damage,Arrest,,
Person search,2018-12-01T20:40:00+00:00,,,,,Male,18-24,Mixed/Multiple ethnic groups - Any other Mixed/Multiple ethnic background,White,Misuse of Drugs Act 1971 (section 23),Articles for use in criminal damage,A no further action disposal,,
Person search,2018-12-01T23:29:00+00:00,,,,,Male,18-24,Other ethnic group - Not stated,White,Police and Criminal Evidence Act 1984 (section 1),Article for use in theft,A no further action disposal,,
Person and Vehicle search,2018-12-02T01:15:00+00:00,,,,,Male,25-34,Asian/Asian British - Pakistani,Asian,Misuse of Drugs Act 1971 (section 23),Articles for use in criminal damage,Penalty Notice for Disorder,,
Person and Vehicle search,2018-12-02T01:52:00+00:00,,,,,Male,25-34,Other ethnic group - Not stated,White,Misuse of Drugs Act 1971 (section 23),Articles for use in criminal damage,Arrest,,
Person and Vehicle search,2018-12-02T01:55:00+00:00,,,,,Male,18-24,Other ethnic group - Not stated,White,Misuse of Drugs Act 1971 (section 23),Articles for use in criminal damage,Arrest,,
Person search,2018-12-02T05:26:00+00:00,,,,,Male,10-17,Other ethnic group - Not stated,White,Police and Criminal Evidence Act 1984 (section 1),,Arrest,,
Person search,2018-12-02T05:49:00+00:00,,,,,Male,18-24,Other ethnic group - Not stated,White,Police and Criminal Evidence Act 1984 (section 1),Fireworks,Arrest,,
Person search,2018-12-02T11:00:00+00:00,,,,,Male,25-34,Other ethnic group - Not stated,White,Police and Criminal Evidence Act 1984 (section 1),Article for use in theft,A no further action disposal,,
Person and Vehicle search,2018-12-02T22:10:00+00:00,,,,,Male,25-34,Other ethnic group - Not stated,White,Misuse of Drugs Act 1971 (section 23),Articles for use in criminal damage,Community resolution,,
Person search,2018-12-02T22:18:00+00:00,,,,,Male,18-24,Mixed/Multiple ethnic groups - Any other Mixed/Multiple ethnic background,White,Misuse of Drugs Act 1971 (section 23),Articles for use in criminal damage,Arrest,,
Person search,2018-12-03T04:36:00+00:00,,,,,Male,over 34,Mixed/Multiple ethnic groups - Any other Mixed/Multiple ethnic background,White,Police and Criminal Evidence Act 1984 (section 1),Fireworks,A no further action disposal,,
Person and Vehicle search,2018-12-03T10:45:00+00:00,,,,,Male,over 34,Mixed/Multiple ethnic groups - Any other Mixed/Multiple ethnic background,White,Misuse of Drugs Act 1971 (section 23),Articles for use in criminal damage,A no further action disposal,,
Person search,2018-12-03T10:56:00+00:00,,,,,Male,25-34,Other ethnic group - Not stated,White,Police and Criminal Evidence Act 1984 (section 1),Fireworks,A no further action disposal,,
Person search,2018-12-03T10:56:00+00:00,,,,,Male,25-34,Other ethnic group - Not stated,White,Police and Criminal Evidence Act 1984 (section 1),Fireworks,A no further action disposal,,
Person search,2018-12-03T15:37:00+00:00,,,,,Female,over 34,Other ethnic group - Not stated,White,Police and Criminal Evidence Act 1984 (section 1),,,,
Person and Vehicle search,2018-12-04T00:16:00+00:00,,,,,Male,25-34,Asian/Asian British - Pakistani,Asian,Misuse of Drugs Act 1971 (section 23),Articles for use in criminal damage,A no further action disposal,,
Person search,2018-12-04T01:16:00+00:00,,,,,Male,over 34,Other ethnic group - Not stated,White,Police and Criminal Evidence Act 1984 (section 1),Fireworks,A no further action disposal,,
Person search,2018-12-04T01:16:00+00:00,,,,,Male,over 34,Other ethnic group - Not stated,White,Police and Criminal Evidence Act 1984 (section 1),Fireworks,A no further action disposal,,
Person search,2018-12-04T01:30:00+00:00,,,,,Male,10-17,Other ethnic group - Not stated,White,Police and Criminal Evidence Act 1984 (section 1),,Arrest,,
Person and Vehicle search,2018-12-04T10:57:00+00:00,,,,,Male,over 34,Mixed/Multiple ethnic groups - Any other Mixed/Multiple ethnic background,White,Misuse of Drugs Act 1971 (section 23),Articles for use in criminal damage,A no further action disposal,,
Person and Vehicle search,2018-12-04T11:25:00+00:00,,,,,Male,18-24,Other ethnic group - Not stated,White,Police and Criminal Evidence Act 1984 (section 1),,A no further action disposal,,
Person and Vehicle search,2018-12-04T11:33:00+00:00,,,,,Female,over 34,Other ethnic group - Not stated,White,Misuse of Drugs Act 1971 (section 23),Articles for use in criminal damage,Community resolution,,
Vehicle search,2018-12-04T12:40:00+00:00,,,,,,,,,Misuse of Drugs Act 1971 (section 23),,Community resolution,,
Person and Vehicle search,2018-12-04T12:43:00+00:00,,,,,Male,18-24,Other ethnic group - Not stated,White,Misuse of Drugs Act 1971 (section 23),Articles for use in criminal damage,Community resolution,,
Person search,2018-12-04T12:45:00+00:00,,,,,Male,over 34,Other ethnic group - Not stated,White,Police and Criminal Evidence Act 1984 (section 1),Article for use in theft,A no further action disposal,,
Person search,2018-12-04T13:00:00+00:00,,,,,Male,over 34,Other ethnic group - Not stated,White,Police and Criminal Evidence Act 1984 (section 1),Article for use in theft,A no further action disposal,,
Person search,2018-12-04T14:42:00+00:00,,,,,Male,10-17,Other ethnic group - Not stated,White,Misuse of Drugs Act 1971 (section 23),Articles for use in criminal damage,A no further action disposal,,
Person and Vehicle search,2018-12-04T15:11:00+00:00,,,,,Male,over 34,Other ethnic group - Not stated,White,Misuse of Drugs Act 1971 (section 23),Articles for use in criminal damage,A no further action disposal,,
Person search,2018-12-04T18:15:00+00:00,,,,,Male,25-34,Black/African/Caribbean/Black British - Caribbean,Black,Police and Criminal Evidence Act 1984 (section 1),Article for use in theft,A no further action disposal,,
Person search,2018-12-04T18:17:00+00:00,,,,,Male,,Mixed/Multiple ethnic groups - Any other Mixed/Multiple ethnic background,White,Police and Criminal Evidence Act 1984 (section 1),,A no further action disposal,,
Person and Vehicle search,2018-12-04T19:10:00+00:00,,,,,Male,25-34,Other ethnic group - Not stated,White,Misuse of Drugs Act 1971 (section 23),Articles for use in criminal damage,Arrest,,
Person search,2018-12-04T20:05:00+00:00,,,,,Male,25-34,Other ethnic group - Not stated,White,Misuse of Drugs Act 1971 (section 23),Articles for use in criminal damage,A no further action disposal,,
Person and Vehicle search,2018-12-04T20:10:00+00:00,,,,,Male,18-24,Other ethnic group - Not stated,White,Police and Criminal Evidence Act 1984 (section 1),Article for use in theft,A no further action disposal,,
Person and Vehicle search,2018-12-04T20:10:00+00:00,,,,,Male,18-24,Other ethnic group - Not stated,White,Misuse of Drugs Act 1971 (section 23),Articles for use in criminal damage,A no further action disposal,,
Person and Vehicle search,2018-12-05T01:05:00+00:00,,,,,Male,18-24,Mixed/Multiple ethnic groups - Any other Mixed/Multiple ethnic background,White,Misuse of Drugs Act 1971 (section 23),Articles for use in criminal damage,A no further action disposal,,
Person search,2018-12-05T02:04:00+00:00,,,53.820978,-3.044193,Male,18-24,Mixed/Multiple ethnic groups - Any other Mixed/Multiple ethnic background,White,Police and Criminal Evidence Act 1984 (section 1),Fireworks,,,
Person and Vehicle search,2018-12-05T02:20:00+00:00,,,,,Male,25-34,Other ethnic group - Not stated,White,Police and Criminal Evidence Act 1984 (section 1),Fireworks,A no further action disposal,,
Person and Vehicle search,2018-12-05T02:20:00+00:00,,,,,Male,over 34,Other ethnic group - Not stated,White,Police and Criminal Evidence Act 1984 (section 1),Fireworks,A no further action disposal,,
Person search,2018-12-05T13:37:00+00:00,,,,,Male,over 34,Other ethnic group - Not stated,White,Misuse of Drugs Act 1971 (section 23),Articles for use in criminal damage,A no further action disposal,,
Person search,2018-12-05T13:45:00+00:00,,,,,Male,over 34,Other ethnic group - Not stated,White,Misuse of Drugs Act 1971 (section 23),Articles for use in criminal damage,A no further action disposal,,
Person search,2018-12-05T14:15:00+00:00,,,,,Male,25-34,,,Misuse of Drugs Act 1971 (section 23),Articles for use in criminal damage,A no further action disposal,,
Person search,2018-12-05T15:59:00+00:00,,,,,Male,10-17,Other ethnic group - Not stated,White,Police and Criminal Evidence Act 1984 (section 1),Article for use in theft,Arrest,,
Person search,2018-12-06T00:40:00+00:00,,,,,Male,,Other ethnic group - Not stated,White,Police and Criminal Evidence Act 1984 (section 1),Fireworks,A no further action disposal,,
Person search,2018-12-06T00:40:00+00:00,,,,,Male,,Other ethnic group - Not stated,White,Police and Criminal Evidence Act 1984 (section 1),Fireworks,A no further action disposal,,
Person search,2018-12-06T01:34:00+00:00,,,,,Male,over 34,Other ethnic group - Not stated,White,Police and Criminal Evidence Act 1984 (section 1),Fireworks,A no further action disposal,,
Person search,2018-12-06T02:29:00+00:00,,,,,Male,25-34,Other ethnic group - Not stated,White,Police and Criminal Evidence Act 1984 (section 1),,A no further action disposal,,
Person search,2018-12-06T02:30:00+00:00,,,,,Male,,Other ethnic group - Not stated,White,Police and Criminal Evidence Act 1984 (section 1),Fireworks,A no further action disposal,,
Person search,2018-12-06T02:35:00+00:00,,,,,Male,25-34,Other ethnic group - Not stated,White,Police and Criminal Evidence Act 1984 (section 1),,A no further action disposal,,
Person search,2018-12-06T02:45:00+00:00,,,,,Male,over 34,Other ethnic group - Not stated,White,Police and Criminal Evidence Act 1984 (section 1),,A no further action disposal,,
Person search,2018-12-06T03:20:00+00:00,,,,,Male,18-24,Other ethnic group - Not stated,White,Police and Criminal Evidence Act 1984 (section 1),Fireworks,A no further action disposal,,
Person search,2018-12-06T03:20:00+00:00,,,,,Male,over 34,Other ethnic group - Not stated,White,Police and Criminal Evidence Act 1984 (section 1),Fireworks,A no further action disposal,,
Person and Vehicle search,2018-12-06T04:50:00+00:00,,,,,Male,18-24,Mixed/Multiple ethnic groups - Any other Mixed/Multiple ethnic background,Asian,Misuse of Drugs Act 1971 (section 23),Articles for use in criminal damage,A no further action disposal,,
Person search,2018-12-06T09:10:00+00:00,,,,,Female,18-24,Other ethnic group - Not stated,White,Misuse of Drugs Act 1971 (section 23),Articles for use in criminal damage,A no further action disposal,,
Person search,2018-12-06T09:12:00+00:00,,,,,Female,over 34,Other ethnic group - Not stated,White,Misuse of Drugs Act 1971 (section 23),Articles for use in criminal damage,A no further action disposal,,
Vehicle search,2018-12-06T10:14:00+00:00,,,,,,,,,Misuse of Drugs Act 1971 (section 23),,,,
Vehicle search,2018-12-06T10:40:00+00:00,,,,,,,,,Police and Criminal Evidence Act 1984 (section 1),,A no further action disposal,,
Person search,2018-12-06T11:30:00+00:00,,,,,Male,18-24,Asian/Asian British - Pakistani,Asian,Misuse of Drugs Act 1971 (section 23),Articles for use in criminal damage,Arrest,,
Person search,2018-12-06T12:00:00+00:00,,,,,Male,18-24,Other ethnic group - Not stated,White,Police and Criminal Evidence Act 1984 (section 1),Fireworks,A no further action disposal,,
Person search,2018-12-06T12:00:00+00:00,,,,,Male,18-24,Other ethnic group - Not stated,White,Police and Criminal Evidence Act 1984 (section 1),Fireworks,A no further action disposal,,
Person search,2018-12-06T12:00:00+00:00,,,,,Male,18-24,Other ethnic group - Not stated,White,Police and Criminal Evidence Act 1984 (section 1),Fireworks,A no further action disposal,,
Person and Vehicle search,2018-12-06T14:17:00+00:00,,,,,Male,over 34,Other ethnic group - Not stated,White,Misuse of Drugs Act 1971 (section 23),Articles for use in criminal damage,Arrest,,
Person and Vehicle search,2018-12-06T23:31:00+00:00,,,,,Male,25-34,Other ethnic group - Not stated,White,Misuse of Drugs Act 1971 (section 23),Articles for use in criminal damage,Arrest,,
Person search,2018-12-07T00:45:00+00:00,,,,,Male,over 34,Other ethnic group - Not stated,White,Misuse of Drugs Act 1971 (section 23),Articles for use in criminal damage,A no further action disposal,,
Person search,2018-12-07T00:45:00+00:00,,,,,Male,over 34,Other ethnic group - Not stated,White,Misuse of Drugs Act 1971 (section 23),Articles for use in criminal damage,A no further action disposal,,
Person and Vehicle search,2018-12-07T01:20:00+00:00,,,,,Male,10-17,Other ethnic group - Not stated,White,Police and Criminal Evidence Act 1984 (section 1),Fireworks,A no further action disposal,,
Person and Vehicle search,2018-12-07T01:22:00+00:00,,,,,Male,18-24,Other ethnic group - Not stated,White,Police and Criminal Evidence Act 1984 (section 1),Fireworks,A no further action disposal,,
Person and Vehicle search,2018-12-07T01:30:00+00:00,,,,,Male,10-17,Other ethnic group - Not stated,White,Police and Criminal Evidence Act 1984 (section 1),Fireworks,A no further action disposal,,
Person and Vehicle search,2018-12-07T01:30:00+00:00,,,,,Male,10-17,Other ethnic group - Not stated,White,Police and Criminal Evidence Act 1984 (section 1),Fireworks,A no further action disposal,,
Person and Vehicle search,2018-12-07T01:58:00+00:00,,,,,Male,18-24,Other ethnic group - Not stated,White,Police and Criminal Evidence Act 1984 (section 1),Fireworks,A no further action disposal,,
Person and Vehicle search,2018-12-07T19:45:00+00:00,,,,,Male,10-17,Black/African/Caribbean/Black British - Any other Black/African/Caribbean background,White,Police and Criminal Evidence Act 1984 (section 1),Fireworks,A no further action disposal,,
Person and Vehicle search,2018-12-07T19:45:00+00:00,,,,,Male,10-17,Black/African/Caribbean/Black British - Any other Black/African/Caribbean background,White,Police and Criminal Evidence Act 1984 (section 1),Fireworks,A no further action disposal,,
Person and Vehicle search,2018-12-07T22:53:00+00:00,,,,,Male,,Other ethnic group - Not stated,White,Misuse of Drugs Act 1971 (section 23),Articles for use in criminal damage,A no further action disposal,,
Person and Vehicle search,2018-12-07T22:53:00+00:00,,,,,Male,18-24,Other ethnic group - Not stated,White,Misuse of Drugs Act 1971 (section 23),Articles for use in criminal damage,Community resolution,,
Vehicle search,2018-12-07T22:53:00+00:00,,,,,,,,,Misuse of Drugs Act 1971 (section 23),,Community resolution,,
Person and Vehicle search,2018-12-08T00:20:00+00:00,,,,,Male,10-17,Other ethnic group - Not stated,White,Misuse of Drugs Act 1971 (section 23),Articles for use in criminal damage,,,
Person and Vehicle search,2018-12-08T00:20:00+00:00,,,,,Male,18-24,Other ethnic group - Not stated,White,Misuse of Drugs Act 1971 (section 23),Articles for use in criminal damage,,,
Person search,2018-12-08T01:40:00+00:00,,,53.762295,-2.697555,Male,over 34,Other ethnic group - Not stated,White,Police and Criminal Evidence Act 1984 (section 1),,A no further action disposal,,
Person and Vehicle search,2018-12-08T02:12:00+00:00,,,,,Female,18-24,Other ethnic group - Not stated,White,Misuse of Drugs Act 1971 (section 23),Articles for use in criminal damage,A no further action disposal,,
Vehicle search,2018-12-08T02:20:00+00:00,,,,,,,,,Misuse of Drugs Act 1971 (section 23),,Arrest,,
Person and Vehicle search,2018-12-08T03:09:00+00:00,,,,,Male,,Other ethnic group - Not stated,White,Misuse of Drugs Act 1971 (section 23),Articles for use in criminal damage,A no further action disposal,,
Person search,2018-12-08T14:23:00+00:00,,,,,Male,18-24,Other ethnic group - Not stated,White,Police and Criminal Evidence Act 1984 (section 1),Article for use in theft,,,
Person and Vehicle search,2018-12-08T17:15:00+00:00,,,54.050578,-2.799612,Male,over 34,Other ethnic group - Not stated,White,Misuse of Drugs Act 1971 (section 23),Articles for use in criminal damage,Arrest,,
Person search,2018-12-08T18:19:00+00:00,,,,,Male,over 34,Other ethnic group - Not stated,White,Police and Criminal Evidence Act 1984 (section 1),,Arrest,,
Person and Vehicle search,2018-12-08T18:24:00+00:00,,,,,Male,over 34,Other ethnic group - Not stated,White,Misuse of Drugs Act 1971 (section 23),Articles for use in criminal damage,Arrest,,
Person and Vehicle search,2018-12-08T18:30:00+00:00,,,,,Male,18-24,Asian/Asian British - Pakistani,Asian,Misuse of Drugs Act 1971 (section 23),Articles for use in criminal damage,A no further action disposal,,
Person and Vehicle search,2018-12-08T18:30:00+00:00,,,,,Male,18-24,Asian/Asian British - Pakistani,Asian,Misuse of Drugs Act 1971 (section 23),Articles for use in criminal damage,A no further action disposal,,
Person and Vehicle search,2018-12-08T23:10:00+00:00,,,,,Male,18-24,Other ethnic group - Not stated,White,Police and Criminal Evidence Act 1984 (section 1),Fireworks,A no further action disposal,,
Person and Vehicle search,2018-12-08T23:10:00+00:00,,,,,Male,18-24,Other ethnic group - Not stated,White,Police and Criminal Evidence Act 1984 (section 1),Fireworks,A no further action disposal,,
Person and Vehicle search,2018-12-08T23:10:00+00:00,,,,,Male,18-24,Other ethnic group - Not stated,White,Police and Criminal Evidence Act 1984 (section 1),Fireworks,A no further action disposal,,
Person and Vehicle search,2018-12-09T01:00:00+00:00,,,,,Male,18-24,Asian/Asian British - Chinese,Asian,Misuse of Drugs Act 1971 (section 23),Articles for use in criminal damage,A no further action disposal,,
Person search,2018-12-09T02:05:00+00:00,,,,,Male,25-34,Other ethnic group - Not stated,White,Misuse of Drugs Act 1971 (section 23),Articles for use in criminal damage,A no further action disposal,,
Person and Vehicle search,2018-12-09T06:35:00+00:00,,,,,Male,18-24,Other ethnic group - Not stated,White,Police and Criminal Evidence Act 1984 (section 1),Fireworks,A no further action disposal,,
Person and Vehicle search,2018-12-09T06:48:00+00:00,,,,,Male,18-24,Other ethnic group - Not stated,White,Police and Criminal Evidence Act 1984 (section 1),Fireworks,A no further action disposal,,
Person search,2018-12-09T08:55:00+00:00,,,,,Male,18-24,Asian/Asian British - Chinese,Asian,Misuse of Drugs Act 1971 (section 23),Articles for use in criminal damage,Arrest,,
Person search,2018-12-09T08:55:00+00:00,,,,,Male,18-24,Asian/Asian British - Chinese,Asian,Misuse of Drugs Act 1971 (section 23),Articles for use in criminal damage,Arrest,,
Person search,2018-12-09T17:50:00+00:00,,,,,Male,10-17,Other ethnic group - Not stated,White,Police and Criminal Evidence Act 1984 (section 1),Article for use in theft,A no further action disposal,,
Person search,2018-12-09T18:05:00+00:00,,,,,Male,10-17,Other ethnic group - Not stated,White,Police and Criminal Evidence Act 1984 (section 1),Article for use in theft,A no further action disposal,,
Person and Vehicle search,2018-12-09T21:47:00+00:00,,,,,Male,25-34,Other ethnic group - Not stated,White,Misuse of Drugs Act 1971 (section 23),Articles for use in criminal damage,Arrest,,
Person search,2018-12-10T03:05:00+00:00,,,,,Male,18-24,Other ethnic group - Not stated,White,Misuse of Drugs Act 1971 (section 23),Articles for use in criminal damage,A no further action disposal,,
Person search,2018-12-10T04:25:00+00:00,,,,,Male,18-24,Asian/Asian British - Indian,Asian,Police and Criminal Evidence Act 1984 (section 1),Fireworks,Arrest,,
Person search,2018-12-10T13:15:00+00:00,,,,,Male,over 34,Other ethnic group - Not stated,White,Police and Criminal Evidence Act 1984 (section 1),,Summons / charged by post,,
Person and Vehicle search,2018-12-10T15:50:00+00:00,,,,,Male,25-34,Other ethnic group - Not stated,White,Misuse of Drugs Act 1971 (section 23),Articles for use in criminal damage,A no further action disposal,,
Person and Vehicle search,2018-12-10T16:00:00+00:00,,,,,Male,25-34,Other ethnic group - Not stated,White,Misuse of Drugs Act 1971 (section 23),Articles for use in criminal damage,A no further action disposal,,
Person and Vehicle search,2018-12-10T16:17:00+00:00,,,,,Female,25-34,Other ethnic group - Not stated,White,Misuse of Drugs Act 1971 (section 23),Articles for use in criminal damage,A no further action disposal,,
Person search,2018-12-10T17:02:00+00:00,,,,,Male,10-17,Other ethnic group - Not stated,White,Police and Criminal Evidence Act 1984 (section 1),Article for use in theft,Arrest,,
Person search,2018-12-10T17:20:00+00:00,,,,,Male,10-17,Other ethnic group - Not stated,White,Police and Criminal Evidence Act 1984 (section 1),Article for use in theft,A no further action disposal,,
Person search,2018-12-10T17:30:00+00:00,,,,,Male,10-17,Other ethnic group - Not stated,White,Police and Criminal Evidence Act 1984 (section 1),Article for use in theft,A no further action disposal,,
Person and Vehicle search,2018-12-10T18:55:00+00:00,,,,,Male,10-17,Other ethnic group - Not stated,White,Police and Criminal Evidence Act 1984 (section 1),,A no further action disposal,,
Person and Vehicle search,2018-12-10T19:00:00+00:00,,,,,Male,10-17,Other ethnic group - Not stated,White,Police and Criminal Evidence Act 1984 (section 1),,A no further action disposal,,
Person and Vehicle search,2018-12-10T19:06:00+00:00,,,,,Male,10-17,Other ethnic group - Not stated,White,Police and Criminal Evidence Act 1984 (section 1),,A no further action disposal,,
Person and Vehicle search,2018-12-10T19:34:00+00:00,,,,,Male,over 34,Other ethnic group - Not stated,White,Misuse of Drugs Act 1971 (section 23),Articles for use in criminal damage,A no further action disposal,,
Person and Vehicle search,2018-12-10T20:12:00+00:00,,,,,Male,25-34,Other ethnic group - Not stated,White,Misuse of Drugs Act 1971 (section 23),Articles for use in criminal damage,,,
Person and Vehicle search,2018-12-10T21:15:00+00:00,,,,,Male,25-34,Other ethnic group - Not stated,White,Misuse of Drugs Act 1971 (section 23),Articles for use in criminal damage,A no further action disposal,,
Person search,2018-12-10T21:55:00+00:00,,,,,Male,over 34,Other ethnic group - Not stated,White,Police and Criminal Evidence Act 1984 (section 1),Article for use in theft,Arrest,,
Person and Vehicle search,2018-12-11T00:30:00+00:00,,,,,Male,18-24,Mixed/Multiple ethnic groups - Any other Mixed/Multiple ethnic background,Asian,Misuse of Drugs Act 1971 (section 23),Articles for use in criminal damage,A no further action disposal,,
Person and Vehicle search,2018-12-11T00:35:00+00:00,,,,,Male,18-24,Asian/Asian British - Chinese,Asian,Misuse of Drugs Act 1971 (section 23),Articles for use in criminal damage,A no further action disposal,,
Person and Vehicle search,2018-12-11T01:15:00+00:00,,,,,Male,18-24,Asian/Asian British - Chinese,Asian,Misuse of Drugs Act 1971 (section 23),Articles for use in criminal damage,A no further action disposal,,
Person and Vehicle search,2018-12-11T01:31:00+00:00,,,,,Male,25-34,Other ethnic group - Not stated,White,Police and Criminal Evidence Act 1984 (section 1),Fireworks,A no further action disposal,,
Person and Vehicle search,2018-12-11T01:48:00+00:00,,,,,Male,18-24,Other ethnic group - Not stated,White,Misuse of Drugs Act 1971 (section 23),Articles for use in criminal damage,A no further action disposal,,
Person and Vehicle search,2018-12-11T01:54:00+00:00,,,,,Female,18-24,Other ethnic group - Not stated,White,Misuse of Drugs Act 1971 (section 23),Articles for use in criminal damage,A no further action disposal,,
Person search,2018-12-11T03:10:00+00:00,,,,,Male,25-34,Other ethnic group - Not stated,White,Misuse of Drugs Act 1971 (section 23),Articles for use in criminal damage,A no further action disposal,,
Person search,2018-12-11T03:15:00+00:00,,,,,Male,18-24,Other ethnic group - Not stated,White,Police and Criminal Evidence Act 1984 (section 1),,Arrest,,
Person search,2018-12-11T03:15:00+00:00,,,,,Male,10-17,Mixed/Multiple ethnic groups - Any other Mixed/Multiple ethnic background,White,Police and Criminal Evidence Act 1984 (section 1),,Arrest,,
Person search,2018-12-11T04:24:00+00:00,,,,,Male,25-34,Other ethnic group - Not stated,White,Police and Criminal Evidence Act 1984 (section 1),Fireworks,,,
Vehicle search,2018-12-11T05:55:00+00:00,,,,,,,,,Misuse of Drugs Act 1971 (section 23),,,,
Vehicle search,2018-12-11T10:50:00+00:00,,,,,,,,,Misuse of Drugs Act 1971 (section 23),,A no further action disposal,,
Person search,2018-12-11T13:20:00+00:00,,,,,Male,18-24,Other ethnic group - Not stated,White,Police and Criminal Evidence Act 1984 (section 1),,Arrest,,
Person and Vehicle search,2018-12-11T15:15:00+00:00,,,,,Male,18-24,Other ethnic group - Not stated,White,Misuse of Drugs Act 1971 (section 23),Articles for use in criminal damage,A no further action disposal,,
Person and Vehicle search,2018-12-11T15:31:00+00:00,,,,,Male,18-24,Asian/Asian British - Any other Asian background,Other,Misuse of Drugs Act 1971 (section 23),Articles for use in criminal damage,A no further action disposal,,
Person search,2018-12-11T15:46:00+00:00,,,,,Other,over 34,Other ethnic group - Not stated,White,Misuse of Drugs Act 1971 (section 23),Articles for use in criminal damage,A no further action disposal,,
Person search,2018-12-11T19:30:00+00:00,,,,,Male,over 34,Other ethnic group - Not stated,White,Police and Criminal Evidence Act 1984 (section 1),,A no further action disposal,,
Person search,2018-12-11T20:15:00+00:00,,,,,Male,25-34,Other ethnic group - Not stated,White,Misuse of Drugs Act 1971 (section 23),Articles for use in criminal damage,A no further action disposal,,
Person search,2018-12-11T21:32:00+00:00,,,,,Male,18-24,Other ethnic group - Not stated,White,Misuse of Drugs Act 1971 (section 23),Articles for use in criminal damage,A no further action disposal,,
Person and Vehicle search,2018-12-12T11:00:00+00:00,,,,,Male,18-24,Asian/Asian British - Pakistani,Asian,Misuse of Drugs Act 1971 (section 23),Articles for use in criminal damage,A no further action disposal,,
Person search,2018-12-12T11:25:00+00:00,,,,,Male,18-24,Asian/Asian British - Pakistani,Asian,Misuse of Drugs Act 1971 (section 23),Articles for use in criminal damage,Arrest,,
Person search,2018-12-12T11:25:00+00:00,,,53.752547,-2.498587,Male,18-24,Asian/Asian British - Pakistani,Asian,Misuse of Drugs Act 1971 (section 23),Articles for use in criminal damage,Arrest,,
Person search,2018-12-12T11:51:00+00:00,,,,,Male,25-34,Other ethnic group - Not stated,White,Misuse of Drugs Act 1971 (section 23),Articles for use in criminal damage,A no further action disposal,,
Person search,2018-12-12T12:00:00+00:00,,,,,Male,10-17,Asian/Asian British - Pakistani,Asian,Misuse of Drugs Act 1971 (section 23),Articles for use in criminal damage,Arrest,,
Vehicle search,2018-12-12T12:07:00+00:00,,,,,,,,,Police and Criminal Evidence Act 1984 (section 1),,Arrest,,
Person search,2018-12-12T12:40:00+00:00,,,,,Male,10-17,Other ethnic group - Not stated,White,Police and Criminal Evidence Act 1984 (section 1),Article for use in theft,A no further action disposal,,
Person search,2018-12-12T13:05:00+00:00,,,,,Male,18-24,Other ethnic group - Not stated,White,Police and Criminal Evidence Act 1984 (section 1),Article for use in theft,A no further action disposal,,
Person search,2018-12-13T01:23:00+00:00,,,,,Male,18-24,Other ethnic group - Not stated,White,Police and Criminal Evidence Act 1984 (section 1),Fireworks,A no further action disposal,,
Person and Vehicle search,2018-12-13T01:30:00+00:00,,,,,Female,18-24,Other ethnic group - Not stated,White,Misuse of Drugs Act 1971 (section 23),Articles for use in criminal damage,A no further action disposal,,
Person and Vehicle search,2018-12-13T01:30:00+00:00,,,,,Female,18-24,Other ethnic group - Not stated,White,Misuse of Drugs Act 1971 (section 23),Articles for use in criminal damage,A no further action disposal,,
Person and Vehicle search,2018-12-13T01:47:00+00:00,,,,,Male,18-24,Other ethnic group - Not stated,White,Misuse of Drugs Act 1971 (section 23),Articles for use in criminal damage,A no further action disposal,,
Person search,2018-12-13T07:55:00+00:00,,,,,Male,over 34,Other ethnic group - Not stated,White,Police and Criminal Evidence Act 1984 (section 1),Fireworks,A no further action disposal,,
Person search,2018-12-13T10:42:00+00:00,,,53.776187,-2.716450,Male,18-24,Mixed/Multiple ethnic groups - Any other Mixed/Multiple ethnic background,White,Misuse of Drugs Act 1971 (section 23),Articles for use in criminal damage,A no further action disposal,,
Person search,2018-12-13T19:40:00+00:00,,,,,Male,25-34,Other ethnic group - Not stated,White,Police and Criminal Evidence Act 1984 (section 1),Offensive weapons,A no further action disposal,,
Person search,2018-12-13T20:05:00+00:00,,,,,Male,18-24,Other ethnic group - Not stated,White,Police and Criminal Evidence Act 1984 (section 1),Article for use in theft,A no further action disposal,,
Person search,2018-12-13T21:05:00+00:00,,,,,Male,25-34,Other ethnic group - Not stated,White,Misuse of Drugs Act 1971 (section 23),Articles for use in criminal damage,A no further action disposal,,
Person and Vehicle search,2018-12-13T22:10:00+00:00,,,,,Male,18-24,Mixed/Multiple ethnic groups - Any other Mixed/Multiple ethnic background,Asian,Misuse of Drugs Act 1971 (section 23),Articles for use in criminal damage,Arrest,,
Person search,2018-12-13T22:45:00+00:00,,,53.821716,-3.051245,Male,over 34,Mixed/Multiple ethnic groups - Any other Mixed/Multiple ethnic background,White,Police and Criminal Evidence Act 1984 (section 1),Article for use in theft,A no further action disposal,,
Person search,2018-12-14T04:32:00+00:00,,,,,Male,18-24,Other ethnic group - Not stated,White,Police and Criminal Evidence Act 1984 (section 1),Article for use in theft,A no further action disposal,,
Person search,2018-12-14T04:45:00+00:00,,,,,Male,18-24,Other ethnic group - Not stated,White,Police and Criminal Evidence Act 1984 (section 1),Article for use in theft,Arrest,,
Person search,2018-12-14T04:49:00+00:00,,,,,Male,18-24,Other ethnic group - Not stated,White,Police and Criminal Evidence Act 1984 (section 1),Article for use in theft,A no further action disposal,,
Person and Vehicle search,2018-12-14T05:35:00+00:00,,,,,Female,18-24,Other ethnic group - Not stated,White,Misuse of Drugs Act 1971 (section 23),Articles for use in criminal damage,A no further action disposal,,
Person search,2018-12-14T11:35:00+00:00,,,,,Male,10-17,Other ethnic group - Not stated,White,Misuse of Drugs Act 1971 (section 23),Articles for use in criminal damage,A no further action disposal,,
Person search,2018-12-14T11:38:00+00:00,,,,,Male,18-24,Other ethnic group - Not stated,White,Misuse of Drugs Act 1971 (section 23),Articles for use in criminal damage,A no further action disposal,,
Person and Vehicle search,2018-12-14T15:52:00+00:00,,,,,Male,25-34,Asian/Asian British - Chinese,White,Misuse of Drugs Act 1971 (section 23),Articles for use in criminal damage,A no further action disposal,,
Person search,2018-12-14T17:26:00+00:00,,,,,Male,18-24,Other ethnic group - Not stated,White,Misuse of Drugs Act 1971 (section 23),Articles for use in criminal damage,A no further action disposal,,
Person search,2018-12-14T18:00:00+00:00,,,,,Male,10-17,Mixed/Multiple ethnic groups - Any other Mixed/Multiple ethnic background,White,Police and Criminal Evidence Act 1984 (section 1),Fireworks,A no further action disposal,,
Person search,2018-12-14T18:35:00+00:00,,,,,Male,10-17,Other ethnic group - Not stated,White,Misuse of Drugs Act 1971 (section 23),Articles for use in criminal damage,A no further action disposal,,
Person search,2018-12-14T18:42:00+00:00,,,,,Male,10-17,Black/African/Caribbean/Black British - African,Black,Police and Criminal Evidence Act 1984 (section 1),Article for use in theft,A no further action disposal,,
Person search,2018-12-14T18:50:00+00:00,,,,,Male,10-17,Other ethnic group - Not stated,White,Police and Criminal Evidence Act 1984 (section 1),Fireworks,A no further action disposal,,
Person search,2018-12-14T18:50:00+00:00,,,,,Male,10-17,Other ethnic group - Not stated,White,Police and Criminal Evidence Act 1984 (section 1),Fireworks,A no further action disposal,,
Person search,2018-12-14T19:16:00+00:00,,,,,Male,10-17,Other ethnic group - Not stated,White,Police and Criminal Evidence Act 1984 (section 1),Fireworks,A no further action disposal,,
Person search,2018-12-14T19:30:00+00:00,,,,,Male,10-17,Other ethnic group - Not stated,White,Police and Criminal Evidence Act 1984 (section 1),Article for use in theft,A no further action disposal,,
Person search,2018-12-14T19:33:00+00:00,,,,,Male,10-17,Black/African/Caribbean/Black British - African,Black,Misuse of Drugs Act 1971 (section 23),Articles for use in criminal damage,A no further action disposal,,
Person search,2018-12-14T19:34:00+00:00,,,,,Male,,Other ethnic group - Not stated,White,Police and Criminal Evidence Act 1984 (section 1),Fireworks,A no further action disposal,,
Person search,2018-12-14T19:37:00+00:00,,,,,Male,25-34,Other ethnic group - Not stated,White,Misuse of Drugs Act 1971 (section 23),Articles for use in criminal damage,Khat or Cannabis warning,,
Person search,2018-12-14T20:16:00+00:00,,,,,Male,25-34,Black/African/Caribbean/Black British - African,Black,Misuse of Drugs Act 1971 (section 23),Articles for use in criminal damage,A no further action disposal,,
Person search,2018-12-14T20:16:00+00:00,,,,,Male,25-34,Black/African/Caribbean/Black British - African,Black,Misuse of Drugs Act 1971 (section 23),Articles for use in criminal damage,A no further action disposal,,
Person and Vehicle search,2018-12-14T20:50:00+00:00,,,,,Male,18-24,Other ethnic group - Not stated,White,Police and Criminal Evidence Act 1984 (section 1),Articles for use in criminal damage,A no further action disposal,,
Person and Vehicle search,2018-12-14T20:50:00+00:00,,,,,Male,18-24,Other ethnic group - Not stated,White,Police and Criminal Evidence Act 1984 (section 1),Articles for use in criminal damage,A no further action disposal,,
Person and Vehicle search,2018-12-14T20:50:00+00:00,,,,,Male,18-24,Other ethnic group - Not stated,White,Misuse of Drugs Act 1971 (section 23),Articles for use in criminal damage,A no further action disposal,,
Person search,2018-12-14T21:53:00+00:00,,,,,Male,10-17,Other ethnic group - Not stated,White,Police and Criminal Evidence Act 1984 (section 1),,A no further action disposal,,
Person search,2018-12-14T21:53:00+00:00,,,,,Male,10-17,Other ethnic group - Not stated,White,Police and Criminal Evidence Act 1984 (section 1),Fireworks,A no further action disposal,,
Person and Vehicle search,2018-12-15T01:15:00+00:00,,,,,Male,18-24,Other ethnic group - Not stated,White,Misuse of Drugs Act 1971 (section 23),Articles for use in criminal damage,Arrest,,
Person search,2018-12-15T01:25:00+00:00,,,,,Male,25-34,Other ethnic group - Not stated,White,Misuse of Drugs Act 1971 (section 23),Articles for use in criminal damage,A no further action disposal,,
Person search,2018-12-15T01:28:00+00:00,,,,,Male,18-24,Mixed/Multiple ethnic groups - Any other Mixed/Multiple ethnic background,White,Police and Criminal Evidence Act 1984 (section 1),Fireworks,A no further action disposal,,
Person search,2018-12-15T01:29:00+00:00,,,,,Male,10-17,Mixed/Multiple ethnic groups - Any other Mixed/Multiple ethnic background,White,Police and Criminal Evidence Act 1984 (section 1),Fireworks,A no further action disposal,,
Person search,2018-12-15T01:57:00+00:00,,,,,Male,over 34,Mixed/Multiple ethnic groups - Any other Mixed/Multiple ethnic background,White,Police and Criminal Evidence Act 1984 (section 1),Fireworks,A no further action disposal,,
Person search,2018-12-15T04:10:00+00:00,,,,,Male,,Other ethnic group - Not stated,White,Police and Criminal Evidence Act 1984 (section 1),Article for use in theft,A no further action disposal,,
Person and Vehicle search,2018-12-15T10:30:00+00:00,,,,,Male,over 34,Mixed/Multiple ethnic groups - Any other Mixed/Multiple ethnic background,Asian,Misuse of Drugs Act 1971 (section 23),Articles for use in criminal damage,A no further action disposal,,
Person and Vehicle search,2018-12-15T17:00:00+00:00,,,,,Female,over 34,Asian/Asian British - Chinese,White,Misuse of Drugs Act 1971 (section 23),Articles for use in criminal damage,A no further action disposal,,
Person and Vehicle search,2018-12-15T18:00:00+00:00,,,,,Male,18-24,Asian/Asian British - Chinese,White,Misuse of Drugs Act 1971 (section 23),Articles for use in criminal damage,A no further action disposal,,
Person search,2018-12-15T18:40:00+00:00,,,,,Male,over 34,Other ethnic group - Not stated,White,Police and Criminal Evidence Act 1984 (section 1),Article for use in theft,,,
Person and Vehicle search,2018-12-15T19:10:00+00:00,,,,,Male,18-24,Other ethnic group - Not stated,White,Misuse of Drugs Act 1971 (section 23),Articles for use in criminal damage,A no further action disposal,,
Person and Vehicle search,2018-12-15T19:10:00+00:00,,,,,Male,18-24,Other ethnic group - Not stated,White,Misuse of Drugs Act 1971 (section 23),Articles for use in criminal damage,A no further action disposal,,
Person search,2018-12-15T19:12:00+00:00,,,,,Male,25-34,Other ethnic group - Not stated,White,Police and Criminal Evidence Act 1984 (section 1),Article for use in theft,A no further action disposal,,
Person and Vehicle search,2018-12-15T19:15:00+00:00,,,,,Male,18-24,Other ethnic group - Not stated,White,Misuse of Drugs Act 1971 (section 23),Articles for use in criminal damage,A no further action disposal,,
Person and Vehicle search,2018-12-15T19:16:00+00:00,,,,,Male,18-24,Other ethnic group - Not stated,White,Misuse of Drugs Act 1971 (section 23),Articles for use in criminal damage,A no further action disposal,,
Person and Vehicle search,2018-12-15T22:45:00+00:00,,,,,Male,18-24,Mixed/Multiple ethnic groups - Any other Mixed/Multiple ethnic background,White,Misuse of Drugs Act 1971 (section 23),Articles for use in criminal damage,Community resolution,,
Person search,2018-12-15T23:28:00+00:00,,,,,Male,,Mixed/Multiple ethnic groups - Any other Mixed/Multiple ethnic background,White,Misuse of Drugs Act 1971 (section 23),Articles for use in criminal damage,A no further action disposal,,
Person search,2018-12-16T01:40:00+00:00,,,,,Male,18-24,Other ethnic group - Not stated,White,Police and Criminal Evidence Act 1984 (section 1),Fireworks,A no further action disposal,,
Person search,2018-12-16T12:53:00+00:00,,,,,Male,25-34,Other ethnic group - Not stated,White,Police and Criminal Evidence Act 1984 (section 1),,A no further action disposal,,
Person search,2018-12-16T16:48:00+00:00,,,,,Male,25-34,Other ethnic group - Not stated,White,Police and Criminal Evidence Act 1984 (section 1),Fireworks,A no further action disposal,,
Person and Vehicle search,2018-12-16T18:45:00+00:00,,,,,Male,over 34,Other ethnic group - Not stated,White,Misuse of Drugs Act 1971 (section 23),Articles for use in criminal damage,A no further action disposal,,
Person and Vehicle search,2018-12-16T18:45:00+00:00,,,,,Male,over 34,Other ethnic group - Not stated,White,Misuse of Drugs Act 1971 (section 23),Articles for use in criminal damage,A no further action disposal,,
Person search,2018-12-16T23:10:00+00:00,,,,,Female,25-34,Other ethnic group - Not stated,White,Police and Criminal Evidence Act 1984 (section 1),Article for use in theft,Arrest,,
Person search,2018-12-17T14:56:00+00:00,,,53.825580,-3.053377,Male,10-17,Black/African/Caribbean/Black British - African,Black,Misuse of Drugs Act 1971 (section 23),Articles for use in criminal damage,A no further action disposal,,
Person search,2018-12-17T17:15:00+00:00,,,,,Male,over 34,Mixed/Multiple ethnic groups - Any other Mixed/Multiple ethnic background,White,Misuse of Drugs Act 1971 (section 23),Articles for use in criminal damage,A no further action disposal,,
Person and Vehicle search,2018-12-17T20:33:00+00:00,,,,,Male,over 34,Other ethnic group - Not stated,White,Misuse of Drugs Act 1971 (section 23),Articles for use in criminal damage,A no further action disposal,,
Person and Vehicle search,2018-12-17T20:39:00+00:00,,,,,Female,25-34,Other ethnic group - Not stated,White,Misuse of Drugs Act 1971 (section 23),Articles for use in criminal damage,A no further action disposal,,
Person and Vehicle search,2018-12-17T20:46:00+00:00,,,,,Female,25-34,Other ethnic group - Not stated,White,Misuse of Drugs Act 1971 (section 23),Articles for use in criminal damage,A no further action disposal,,
Person and Vehicle search,2018-12-17T21:35:00+00:00,,,,,Male,18-24,Other ethnic group - Not stated,White,Misuse of Drugs Act 1971 (section 23),Articles for use in criminal damage,A no further action disposal,,
Person search,2018-12-17T22:10:00+00:00,,,,,Male,10-17,Other ethnic group - Not stated,White,Police and Criminal Evidence Act 1984 (section 1),Article for use in theft,A no further action disposal,,
Person and Vehicle search,2018-12-17T23:51:00+00:00,,,,,Male,18-24,Other ethnic group - Not stated,White,Misuse of Drugs Act 1971 (section 23),Articles for use in criminal damage,A no further action disposal,,
Person and Vehicle search,2018-12-17T23:51:00+00:00,,,,,Male,10-17,Other ethnic group - Not stated,White,Misuse of Drugs Act 1971 (section 23),Articles for use in criminal damage,A no further action disposal,,
Person and Vehicle search,2018-12-17T23:51:00+00:00,,,,,Male,10-17,Other ethnic group - Not stated,White,Misuse of Drugs Act 1971 (section 23),Articles for use in criminal damage,A no further action disposal,,
Person and Vehicle search,2018-12-17T23:51:00+00:00,,,,,Male,18-24,Other ethnic group - Not stated,White,Misuse of Drugs Act 1971 (section 23),Articles for use in criminal damage,Community resolution,,
Person and Vehicle search,2018-12-17T23:51:00+00:00,,,,,Male,18-24,Other ethnic group - Not stated,White,Misuse of Drugs Act 1971 (section 23),Articles for use in criminal damage,Community resolution,,
Vehicle search,2018-12-17T23:51:00+00:00,,,,,,,,,Misuse of Drugs Act 1971 (section 23),,Community resolution,,
Person search,2018-12-18T01:59:00+00:00,,,,,Male,over 34,Other ethnic group - Not stated,White,Police and Criminal Evidence Act 1984 (section 1),Fireworks,A no further action disposal,,
Person and Vehicle search,2018-12-18T02:23:00+00:00,,,,,Female,18-24,Other ethnic group - Not stated,White,Misuse of Drugs Act 1971 (section 23),Articles for use in criminal damage,A no further action disposal,,
Person and Vehicle search,2018-12-18T02:30:00+00:00,,,,,Female,18-24,Other ethnic group - Not stated,White,Misuse of Drugs Act 1971 (section 23),Articles for use in criminal damage,A no further action disposal,,
Person and Vehicle search,2018-12-18T02:35:00+00:00,,,,,Male,18-24,Other ethnic group - Not stated,White,Misuse of Drugs Act 1971 (section 23),Articles for use in criminal damage,A no further action disposal,,
Vehicle search,2018-12-18T02:37:00+00:00,,,,,,,,,Misuse of Drugs Act 1971 (section 23),,A no further action disposal,,
Person search,2018-12-18T04:15:00+00:00,,,,,Male,18-24,Other ethnic group - Not stated,White,Police and Criminal Evidence Act 1984 (section 1),Fireworks,A no further action disposal,,
Person search,2018-12-18T04:15:00+00:00,,,,,Male,over 34,Other ethnic group - Not stated,White,Police and Criminal Evidence Act 1984 (section 1),Fireworks,A no further action disposal,,
Person and Vehicle search,2018-12-18T04:36:00+00:00,,,,,Male,25-34,Mixed/Multiple ethnic groups - Any other Mixed/Multiple ethnic background,,Misuse of Drugs Act 1971 (section 23),Articles for use in criminal damage,A no further action disposal,,
Person and Vehicle search,2018-12-18T06:35:00+00:00,,,,,Male,10-17,Other ethnic group - Not stated,White,Misuse of Drugs Act 1971 (section 23),Articles for use in criminal damage,Arrest,,
Person search,2018-12-18T09:15:00+00:00,,,,,Male,over 34,Other ethnic group - Not stated,White,Police and Criminal Evidence Act 1984 (section 1),Fireworks,Arrest,,
Person search,2018-12-18T10:23:00+00:00,,,,,Male,18-24,Asian/Asian British - Chinese,Asian,Police and Criminal Evidence Act 1984 (section 1),Offensive weapons,,,
Person search,2018-12-18T10:35:00+00:00,,,53.746017,-2.491035,Male,25-34,Asian/Asian British - Indian,Asian,Misuse of Drugs Act 1971 (section 23),Articles for use in criminal damage,Arrest,,
Vehicle search,2018-12-18T17:06:00+00:00,,,,,,,,,Misuse of Drugs Act 1971 (section 23),,Summons / charged by post,,
Person search,2018-12-18T20:00:00+00:00,,,,,Male,10-17,Mixed/Multiple ethnic groups - Any other Mixed/Multiple ethnic background,White,Misuse of Drugs Act 1971 (section 23),Articles for use in criminal damage,A no further action disposal,,
Person search,2018-12-18T20:05:00+00:00,,,,,Male,10-17,Other ethnic group - Not stated,White,Misuse of Drugs Act 1971 (section 23),Articles for use in criminal damage,Arrest,,
Vehicle search,2018-12-18T23:45:00+00:00,,,,,,,,,Misuse of Drugs Act 1971 (section 23),,Arrest,,
Person and Vehicle search,2018-12-18T23:45:00+00:00,,,,,Male,over 34,Other ethnic group - Not stated,White,Misuse of Drugs Act 1971 (section 23),Articles for use in criminal damage,Arrest,,
Person and Vehicle search,2018-12-19T00:25:00+00:00,,,,,Male,25-34,Mixed/Multiple ethnic groups - Any other Mixed/Multiple ethnic background,White,Misuse of Drugs Act 1971 (section 23),Articles for use in criminal damage,A no further action disposal,,
Person and Vehicle search,2018-12-19T00:35:00+00:00,,,,,Male,25-34,Mixed/Multiple ethnic groups - Any other Mixed/Multiple ethnic background,White,Misuse of Drugs Act 1971 (section 23),Articles for use in criminal damage,A no further action disposal,,
Person search,2018-12-19T00:42:00+00:00,,,,,Male,over 34,Other ethnic group - Not stated,White,Police and Criminal Evidence Act 1984 (section 1),Fireworks,A no further action disposal,,
Person search,2018-12-19T01:24:00+00:00,,,,,Female,over 34,Other ethnic group - Not stated,White,Police and Criminal Evidence Act 1984 (section 1),Fireworks,A no further action disposal,,
Person search,2018-12-19T01:24:00+00:00,,,,,Male,over 34,Other ethnic group - Not stated,White,Police and Criminal Evidence Act 1984 (section 1),Fireworks,A no further action disposal,,
Person and Vehicle search,2018-12-19T03:40:00+00:00,,,,,Female,18-24,Other ethnic group - Not stated,White,Misuse of Drugs Act 1971 (section 23),Articles for use in criminal damage,A no further action disposal,,
Person search,2018-12-19T03:44:00+00:00,,,,,Male,10-17,Other ethnic group - Not stated,White,Police and Criminal Evidence Act 1984 (section 1),Fireworks,A no further action disposal,,
Person search,2018-12-19T10:45:00+00:00,,,,,Male,25-34,Other ethnic group - Not stated,White,Misuse of Drugs Act 1971 (section 23),Articles for use in criminal damage,A no further action disposal,,
Person search,2018-12-19T10:45:00+00:00,,,,,Male,over 34,Other ethnic group - Not stated,White,Misuse of Drugs Act 1971 (section 23),Articles for use in criminal damage,A no further action disposal,,
Person search,2018-12-19T10:45:00+00:00,,,,,Male,25-34,Other ethnic group - Not stated,White,Misuse of Drugs Act 1971 (section 23),Articles for use in criminal damage,A no further action disposal,,
Person and Vehicle search,2018-12-19T13:15:00+00:00,,,,,Female,over 34,Other ethnic group - Not stated,White,Misuse of Drugs Act 1971 (section 23),Articles for use in criminal damage,Arrest,,
Person and Vehicle search,2018-12-19T13:15:00+00:00,,,,,Male,over 34,Other ethnic group - Not stated,White,Misuse of Drugs Act 1971 (section 23),Articles for use in criminal damage,Arrest,,
Person search,2018-12-19T17:32:00+00:00,,,,,Male,10-17,Other ethnic group - Not stated,White,Misuse of Drugs Act 1971 (section 23),Articles for use in criminal damage,A no further action disposal,,
Person and Vehicle search,2018-12-19T20:50:00+00:00,,,,,Male,25-34,Other ethnic group - Not stated,White,Misuse of Drugs Act 1971 (section 23),Articles for use in criminal damage,A no further action disposal,,
Person and Vehicle search,2018-12-19T21:00:00+00:00,,,,,Female,10-17,Other ethnic group - Not stated,White,Misuse of Drugs Act 1971 (section 23),Articles for use in criminal damage,A no further action disposal,,
Person and Vehicle search,2018-12-19T21:11:00+00:00,,,,,Male,25-34,Other ethnic group - Not stated,White,Misuse of Drugs Act 1971 (section 23),Articles for use in criminal damage,A no further action disposal,,
Person search,2018-12-20T00:32:00+00:00,,,,,Male,over 34,Other ethnic group - Not stated,White,Police and Criminal Evidence Act 1984 (section 1),Fireworks,Arrest,,
Person and Vehicle search,2018-12-20T05:26:00+00:00,,,,,Male,18-24,Mixed/Multiple ethnic groups - Any other Mixed/Multiple ethnic background,White,Misuse of Drugs Act 1971 (section 23),Articles for use in criminal damage,A no further action disposal,,
Person and Vehicle search,2018-12-20T05:30:00+00:00,,,,,Male,18-24,Other ethnic group - Not stated,White,Misuse of Drugs Act 1971 (section 23),Articles for use in criminal damage,A no further action disposal,,
Person search,2018-12-20T10:20:00+00:00,,,,,Female,25-34,Other ethnic group - Not stated,White,Police and Criminal Evidence Act 1984 (section 1),,Community resolution,,
Vehicle search,2018-12-20T16:39:00+00:00,,,,,,,,,Police and Criminal Evidence Act 1984 (section 1),,A no further action disposal,,
Person search,2018-12-20T16:54:00+00:00,,,,,Male,10-17,Other ethnic group - Not stated,White,Police and Criminal Evidence Act 1984 (section 1),Article for use in theft,A no further action disposal,,
Person search,2018-12-20T17:01:00+00:00,,,,,Male,10-17,Mixed/Multiple ethnic groups - Any other Mixed/Multiple ethnic background,White,Misuse of Drugs Act 1971 (section 23),Articles for use in criminal damage,A no further action disposal,,
Person and Vehicle search,2018-12-20T17:30:00+00:00,,,,,Female,25-34,Other ethnic group - Not stated,White,Misuse of Drugs Act 1971 (section 23),Articles for use in criminal damage,A no further action disposal,,
Person search,2018-12-20T17:48:00+00:00,,,,,Male,18-24,Other ethnic group - Not stated,White,Misuse of Drugs Act 1971 (section 23),Articles for use in criminal damage,A no further action disposal,,
Person search,2018-12-20T18:00:00+00:00,,,53.825580,-3.053377,Male,25-34,Other ethnic group - Not stated,White,Misuse of Drugs Act 1971 (section 23),Articles for use in criminal damage,A no further action disposal,,
Person search,2018-12-20T19:00:00+00:00,,,,,Male,over 34,Mixed/Multiple ethnic groups - Any other Mixed/Multiple ethnic background,White,Misuse of Drugs Act 1971 (section 23),Articles for use in criminal damage,Summons / charged by post,,
Person search,2018-12-20T19:07:00+00:00,,,,,Male,25-34,Other ethnic group - Not stated,White,Police and Criminal Evidence Act 1984 (section 1),,A no further action disposal,,
Person search,2018-12-20T19:53:00+00:00,,,53.825580,-3.053377,Male,25-34,Other ethnic group - Not stated,White,Misuse of Drugs Act 1971 (section 23),Articles for use in criminal damage,A no further action disposal,,
Person search,2018-12-21T00:52:00+00:00,,,,,Male,over 34,Other ethnic group - Not stated,White,Police and Criminal Evidence Act 1984 (section 1),,A no further action disposal,,
Person search,2018-12-21T02:00:00+00:00,,,,,Male,25-34,Mixed/Multiple ethnic groups - Any other Mixed/Multiple ethnic background,Black,Police and Criminal Evidence Act 1984 (section 1),Fireworks,A no further action disposal,,
Person and Vehicle search,2018-12-21T02:35:00+00:00,,,,,Male,over 34,Other ethnic group - Not stated,White,Misuse of Drugs Act 1971 (section 23),Articles for use in criminal damage,,,
Person and Vehicle search,2018-12-21T02:45:00+00:00,,,,,Male,25-34,Other ethnic group - Not stated,White,Misuse of Drugs Act 1971 (section 23),Articles for use in criminal damage,A no further action disposal,,
Person and Vehicle search,2018-12-21T03:01:00+00:00,,,,,Male,18-24,Other ethnic group - Not stated,White,Misuse of Drugs Act 1971 (section 23),Articles for use in criminal damage,A no further action disposal,,
Person and Vehicle search,2018-12-21T12:30:00+00:00,,,,,Male,18-24,Other ethnic group - Not stated,White,Misuse of Drugs Act 1971 (section 23),Articles for use in criminal damage,A no further action disposal,,
Person and Vehicle search,2018-12-21T13:28:00+00:00,,,,,Male,18-24,Other ethnic group - Not stated,White,Police and Criminal Evidence Act 1984 (section 1),Articles for use in criminal damage,A no further action disposal,,
Vehicle search,2018-12-21T16:20:00+00:00,,,,,,,,,Police and Criminal Evidence Act 1984 (section 1),,Penalty Notice for Disorder,,
Person search,2018-12-21T18:37:00+00:00,,,,,Male,10-17,Other ethnic group - Not stated,White,Police and Criminal Evidence Act 1984 (section 1),Fireworks,A no further action disposal,,
Person search,2018-12-21T19:30:00+00:00,,,,,Male,over 34,Other ethnic group - Not stated,White,Police and Criminal Evidence Act 1984 (section 1),Article for use in theft,Summons / charged by post,,
Vehicle search,2018-12-21T20:15:00+00:00,,,,,,,,,Misuse of Drugs Act 1971 (section 23),,A no further action disposal,,
Person and Vehicle search,2018-12-21T20:28:00+00:00,,,,,Male,18-24,Asian/Asian British - Pakistani,Asian,Misuse of Drugs Act 1971 (section 23),Offensive weapons,A no further action disposal,,
Person and Vehicle search,2018-12-21T20:45:00+00:00,,,,,Male,25-34,Black/African/Caribbean/Black British - Caribbean,Asian,Misuse of Drugs Act 1971 (section 23),Articles for use in criminal damage,A no further action disposal,,
Person and Vehicle search,2018-12-21T20:45:00+00:00,,,,,Male,25-34,Other ethnic group - Not stated,White,Misuse of Drugs Act 1971 (section 23),Articles for use in criminal damage,A no further action disposal,,
Person and Vehicle search,2018-12-21T20:45:00+00:00,,,,,Male,25-34,Other ethnic group - Not stated,White,Misuse of Drugs Act 1971 (section 23),Articles for use in criminal damage,A no further action disposal,,
Person and Vehicle search,2018-12-21T20:50:00+00:00,,,,,Male,18-24,Other ethnic group - Not stated,White,Misuse of Drugs Act 1971 (section 23),Articles for use in criminal damage,A no further action disposal,,
Person search,2018-12-21T21:59:00+00:00,,,,,Male,over 34,Other ethnic group - Not stated,White,Police and Criminal Evidence Act 1984 (section 1),Fireworks,A no further action disposal,,
Vehicle search,2018-12-21T22:21:00+00:00,,,,,,,,,Misuse of Drugs Act 1971 (section 23),,Penalty Notice for Disorder,,
Person and Vehicle search,2018-12-21T22:40:00+00:00,,,,,Male,18-24,Other ethnic group - Not stated,White,Misuse of Drugs Act 1971 (section 23),Articles for use in criminal damage,Penalty Notice for Disorder,,
Person search,2018-12-22T01:04:00+00:00,,,,,Male,18-24,Asian/Asian British - Any other Asian background,Black,Misuse of Drugs Act 1971 (section 23),Articles for use in criminal damage,A no further action disposal,,
Person search,2018-12-22T01:20:00+00:00,,,,,Male,25-34,Mixed/Multiple ethnic groups - Any other Mixed/Multiple ethnic background,White,Misuse of Drugs Act 1971 (section 23),Articles for use in criminal damage,A no further action disposal,,
Person search,2018-12-22T01:20:00+00:00,,,,,Male,25-34,Mixed/Multiple ethnic groups - Any other Mixed/Multiple ethnic background,White,Misuse of Drugs Act 1971 (section 23),Articles for use in criminal damage,A no further action disposal,,
Person and Vehicle search,2018-12-22T02:30:00+00:00,,,,,Male,over 34,Asian/Asian British - Chinese,White,Misuse of Drugs Act 1971 (section 23),Articles for use in criminal damage,Arrest,,
Person and Vehicle search,2018-12-22T05:15:00+00:00,,,,,Male,10-17,Other ethnic group - Not stated,White,Misuse of Drugs Act 1971 (section 23),Articles for use in criminal damage,Arrest,,
Person search,2018-12-22T18:50:00+00:00,,,,,Male,10-17,Other ethnic group - Not stated,White,Misuse of Drugs Act 1971 (section 23),Articles for use in criminal damage,A no further action disposal,,
Person search,2018-12-22T18:50:00+00:00,,,,,Male,10-17,Other ethnic group - Not stated,White,Misuse of Drugs Act 1971 (section 23),Articles for use in criminal damage,A no further action disposal,,
Person search,2018-12-22T18:50:00+00:00,,,,,Male,10-17,Other ethnic group - Not stated,White,Misuse of Drugs Act 1971 (section 23),Articles for use in criminal damage,A no further action disposal,,
Person search,2018-12-22T18:50:00+00:00,,,,,Male,10-17,Other ethnic group - Not stated,White,Misuse of Drugs Act 1971 (section 23),Articles for use in criminal damage,A no further action disposal,,
Person search,2018-12-22T18:50:00+00:00,,,,,Male,25-34,Other ethnic group - Not stated,White,Police and Criminal Evidence Act 1984 (section 1),Fireworks,Arrest,,
Person and Vehicle search,2018-12-22T19:20:00+00:00,,,,,Male,18-24,Other ethnic group - Not stated,White,Misuse of Drugs Act 1971 (section 23),Articles for use in criminal damage,Arrest,,
Person and Vehicle search,2018-12-22T19:30:00+00:00,,,,,Male,25-34,Other ethnic group - Not stated,White,Misuse of Drugs Act 1971 (section 23),Articles for use in criminal damage,Arrest,,
Person search,2018-12-22T21:22:00+00:00,,,,,Male,10-17,Other ethnic group - Not stated,White,Police and Criminal Evidence Act 1984 (section 1),Article for use in theft,A no further action disposal,,
Person search,2018-12-22T23:38:00+00:00,,,,,Male,10-17,Other ethnic group - Not stated,White,Police and Criminal Evidence Act 1984 (section 1),Articles for use in criminal damage,A no further action disposal,,
Person and Vehicle search,2018-12-22T23:40:00+00:00,,,,,Male,18-24,Other ethnic group - Not stated,White,Misuse of Drugs Act 1971 (section 23),Articles for use in criminal damage,A no further action disposal,,
Person search,2018-12-23T03:43:00+00:00,,,,,Male,25-34,Other ethnic group - Not stated,White,Misuse of Drugs Act 1971 (section 23),Articles for use in criminal damage,A no further action disposal,,
Person search,2018-12-23T03:45:00+00:00,,,,,Male,18-24,Other ethnic group - Not stated,White,Misuse of Drugs Act 1971 (section 23),Articles for use in criminal damage,A no further action disposal,,
Person search,2018-12-23T05:00:00+00:00,,,,,Male,25-34,Other ethnic group - Not stated,White,Police and Criminal Evidence Act 1984 (section 1),Fireworks,A no further action disposal,,
Person and Vehicle search,2018-12-23T05:45:00+00:00,,,,,Male,over 34,Other ethnic group - Not stated,White,Misuse of Drugs Act 1971 (section 23),Articles for use in criminal damage,A no further action disposal,,
Person search,2018-12-23T06:08:00+00:00,,,,,Male,over 34,Other ethnic group - Not stated,White,Police and Criminal Evidence Act 1984 (section 1),,A no further action disposal,,
Person and Vehicle search,2018-12-23T11:39:00+00:00,,,,,Male,25-34,Other ethnic group - Not stated,White,Misuse of Drugs Act 1971 (section 23),Articles for use in criminal damage,A no further action disposal,,
Person and Vehicle search,2018-12-23T18:50:00+00:00,,,,,Male,over 34,Other ethnic group - Not stated,White,Misuse of Drugs Act 1971 (section 23),Articles for use in criminal damage,A no further action disposal,,
Person and Vehicle search,2018-12-23T18:50:00+00:00,,,,,Male,over 34,Other ethnic group - Not stated,White,Misuse of Drugs Act 1971 (section 23),Articles for use in criminal damage,A no further action disposal,,
Person search,2018-12-23T21:00:00+00:00,,,,,Male,10-17,Other ethnic group - Not stated,White,Police and Criminal Evidence Act 1984 (section 1),Article for use in theft,A no further action disposal,,
Person search,2018-12-24T00:57:00+00:00,,,,,Male,over 34,Other ethnic group - Not stated,White,Police and Criminal Evidence Act 1984 (section 1),Fireworks,A no further action disposal,,
Person search,2018-12-24T13:00:00+00:00,,,,,Female,,Mixed/Multiple ethnic groups - Any other Mixed/Multiple ethnic background,White,Police and Criminal Evidence Act 1984 (section 1),,A no further action disposal,,
Person search,2018-12-24T14:49:00+00:00,,,,,Male,18-24,Other ethnic group - Not stated,White,Police and Criminal Evidence Act 1984 (section 1),Articles for use in criminal damage,Arrest,,
Person search,2018-12-24T16:15:00+00:00,,,,,Male,over 34,Other ethnic group - Not stated,White,Misuse of Drugs Act 1971 (section 23),Articles for use in criminal damage,A no further action disposal,,
Person and Vehicle search,2018-12-24T16:58:00+00:00,,,,,Male,25-34,Asian/Asian British - Pakistani,Asian,Misuse of Drugs Act 1971 (section 23),Articles for use in criminal damage,A no further action disposal,,
Person and Vehicle search,2018-12-24T17:00:00+00:00,,,,,Male,25-34,Asian/Asian British - Chinese,Asian,Misuse of Drugs Act 1971 (section 23),Articles for use in criminal damage,A no further action disposal,,
Person and Vehicle search,2018-12-24T19:50:00+00:00,,,,,Male,18-24,Asian/Asian British - Chinese,Asian,Misuse of Drugs Act 1971 (section 23),Articles for use in criminal damage,Arrest,,
Person and Vehicle search,2018-12-24T19:50:00+00:00,,,,,Male,25-34,Asian/Asian British - Chinese,Asian,Misuse of Drugs Act 1971 (section 23),Articles for use in criminal damage,Arrest,,
Person search,2018-12-24T23:32:00+00:00,,,54.049453,-2.798552,Male,18-24,Other ethnic group - Not stated,White,Police and Criminal Evidence Act 1984 (section 1),Article for use in theft,A no further action disposal,,
Person search,2018-12-24T23:32:00+00:00,,,,,Male,18-24,Other ethnic group - Not stated,White,Police and Criminal Evidence Act 1984 (section 1),Article for use in theft,A no further action disposal,,
Person search,2018-12-25T01:37:00+00:00,,,,,Male,25-34,Other ethnic group - Not stated,White,Police and Criminal Evidence Act 1984 (section 1),Article for use in theft,A no further action disposal,,
Vehicle search,2018-12-25T03:45:00+00:00,,,,,,,,,Misuse of Drugs Act 1971 (section 23),,A no further action disposal,,
Person and Vehicle search,2018-12-25T16:05:00+00:00,,,,,Female,25-34,Mixed/Multiple ethnic groups - Any other Mixed/Multiple ethnic background,White,Misuse of Drugs Act 1971 (section 23),Articles for use in criminal damage,Arrest,,
Person search,2018-12-25T16:40:00+00:00,,,,,Male,over 34,Mixed/Multiple ethnic groups - Any other Mixed/Multiple ethnic background,Asian,Misuse of Drugs Act 1971 (section 23),Articles for use in criminal damage,Arrest,,
Person and Vehicle search,2018-12-25T17:25:00+00:00,,,,,Other,,Mixed/Multiple ethnic groups - Any other Mixed/Multiple ethnic background,,Police and Criminal Evidence Act 1984 (section 1),,,,
Person search,2018-12-25T17:45:00+00:00,,,,,Male,over 34,Other ethnic group - Not stated,White,Police and Criminal Evidence Act 1984 (section 1),Article for use in theft,Arrest,,
Person search,2018-12-26T08:50:00+00:00,,,,,Male,25-34,Other ethnic group - Not stated,White,Police and Criminal Evidence Act 1984 (section 1),Article for use in theft,Arrest,,
Person search,2018-12-26T16:00:00+00:00,,,,,Male,10-17,Other ethnic group - Not stated,White,Police and Criminal Evidence Act 1984 (section 1),Fireworks,,,
Person and Vehicle search,2018-12-26T16:10:00+00:00,,,,,Male,25-34,Other ethnic group - Not stated,White,Police and Criminal Evidence Act 1984 (section 1),Article for use in theft,Arrest,,
Person search,2018-12-26T16:24:00+00:00,,,,,Male,10-17,Other ethnic group - Not stated,White,Police and Criminal Evidence Act 1984 (section 1),Fireworks,Community resolution,,
Person and Vehicle search,2018-12-26T22:30:00+00:00,,,,,Male,18-24,Other ethnic group - Not stated,White,Police and Criminal Evidence Act 1984 (section 1),Controlled drugs,Community resolution,,
Person and Vehicle search,2018-12-26T22:30:00+00:00,,,,,Male,18-24,Other ethnic group - Not stated,White,Misuse of Drugs Act 1971 (section 23),Articles for use in criminal damage,A no further action disposal,,
Person search,2018-12-26T23:50:00+00:00,,,,,Male,over 34,Other ethnic group - Not stated,White,Police and Criminal Evidence Act 1984 (section 1),Firearms,A no further action disposal,,
Person search,2018-12-27T02:33:00+00:00,,,,,Male,25-34,Other ethnic group - Not stated,White,Police and Criminal Evidence Act 1984 (section 1),Article for use in theft,A no further action disposal,,
Person search,2018-12-27T14:19:00+00:00,,,,,Male,over 34,Other ethnic group - Not stated,White,Misuse of Drugs Act 1971 (section 23),Articles for use in criminal damage,A no further action disposal,,
Person search,2018-12-27T14:21:00+00:00,,,,,Female,over 34,Other ethnic group - Not stated,White,Misuse of Drugs Act 1971 (section 23),Articles for use in criminal damage,A no further action disposal,,
Person search,2018-12-27T21:08:00+00:00,,,,,Male,18-24,Other ethnic group - Not stated,White,Misuse of Drugs Act 1971 (section 23),Articles for use in criminal damage,A no further action disposal,,
Person search,2018-12-28T01:00:00+00:00,,,,,Female,over 34,Other ethnic group - Not stated,White,Police and Criminal Evidence Act 1984 (section 1),Article for use in theft,A no further action disposal,,
Person and Vehicle search,2018-12-28T01:00:00+00:00,,,,,Male,18-24,Other ethnic group - Not stated,White,Misuse of Drugs Act 1971 (section 23),Articles for use in criminal damage,Arrest,,
Person search,2018-12-28T01:06:00+00:00,,,,,Male,over 34,Other ethnic group - Not stated,White,Police and Criminal Evidence Act 1984 (section 1),Article for use in theft,A no further action disposal,,
Person and Vehicle search,2018-12-28T16:57:00+00:00,,,,,Male,18-24,Other ethnic group - Not stated,White,Misuse of Drugs Act 1971 (section 23),Articles for use in criminal damage,A no further action disposal,,
Person search,2018-12-28T17:30:00+00:00,,,,,Male,25-34,Other ethnic group - Not stated,White,Misuse of Drugs Act 1971 (section 23),Articles for use in criminal damage,A no further action disposal,,
Person search,2018-12-28T20:35:00+00:00,,,,,Male,over 34,Other ethnic group - Not stated,White,Police and Criminal Evidence Act 1984 (section 1),,A no further action disposal,,
Person search,2018-12-28T21:25:00+00:00,,,,,Male,over 34,Other ethnic group - Not stated,White,Police and Criminal Evidence Act 1984 (section 1),Article for use in theft,A no further action disposal,,
Person and Vehicle search,2018-12-28T23:40:00+00:00,,,,,Male,18-24,Other ethnic group - Not stated,White,Misuse of Drugs Act 1971 (section 23),Articles for use in criminal damage,A no further action disposal,,
Person and Vehicle search,2018-12-28T23:45:00+00:00,,,,,Male,18-24,Other ethnic group - Not stated,White,Misuse of Drugs Act 1971 (section 23),Articles for use in criminal damage,A no further action disposal,,
Person and Vehicle search,2018-12-29T00:18:00+00:00,,,,,Male,over 34,Asian/Asian British - Pakistani,Asian,Misuse of Drugs Act 1971 (section 23),Articles for use in criminal damage,A no further action disposal,,
Person search,2018-12-29T00:20:00+00:00,,,,,Male,18-24,Mixed/Multiple ethnic groups - Any other Mixed/Multiple ethnic background,White,Misuse of Drugs Act 1971 (section 23),Articles for use in criminal damage,A no further action disposal,,
Person search,2018-12-29T00:20:00+00:00,,,,,Male,18-24,Other ethnic group - Not stated,White,Misuse of Drugs Act 1971 (section 23),Articles for use in criminal damage,A no further action disposal,,
Person search,2018-12-29T00:20:00+00:00,,,,,Male,18-24,Mixed/Multiple ethnic groups - Any other Mixed/Multiple ethnic background,White,Misuse of Drugs Act 1971 (section 23),Articles for use in criminal damage,A no further action disposal,,
Person search,2018-12-29T09:27:00+00:00,,,,,Male,25-34,Asian/Asian British - Chinese,White,Police and Criminal Evidence Act 1984 (section 1),Offensive weapons,A no further action disposal,,
Person and Vehicle search,2018-12-29T10:40:00+00:00,,,,,Female,25-34,Other ethnic group - Not stated,White,Misuse of Drugs Act 1971 (section 23),Articles for use in criminal damage,A no further action disposal,,
Person search,2018-12-29T17:17:00+00:00,,,,,Male,over 34,Other ethnic group - Not stated,White,Misuse of Drugs Act 1971 (section 23),Articles for use in criminal damage,A no further action disposal,,
Person and Vehicle search,2018-12-29T19:00:00+00:00,,,,,Male,25-34,Other ethnic group - Not stated,White,Misuse of Drugs Act 1971 (section 23),Articles for use in criminal damage,A no further action disposal,,
Person search,2018-12-29T22:10:00+00:00,,,,,Male,over 34,Other ethnic group - Not stated,White,Police and Criminal Evidence Act 1984 (section 1),Article for use in theft,Arrest,,
Person and Vehicle search,2018-12-29T22:30:00+00:00,,,,,Male,over 34,Other ethnic group - Not stated,White,Police and Criminal Evidence Act 1984 (section 1),,Arrest,,
Person and Vehicle search,2018-12-30T02:10:00+00:00,,,,,Male,18-24,Other ethnic group - Not stated,White,Misuse of Drugs Act 1971 (section 23),Articles for use in criminal damage,Arrest,,
Person search,2018-12-30T02:35:00+00:00,,,,,Male,25-34,Mixed/Multiple ethnic groups - Any other Mixed/Multiple ethnic background,White,Police and Criminal Evidence Act 1984 (section 1),Fireworks,A no further action disposal,,
Person and Vehicle search,2018-12-30T02:50:00+00:00,,,,,Male,,Mixed/Multiple ethnic groups - Any other Mixed/Multiple ethnic background,Asian,Misuse of Drugs Act 1971 (section 23),Articles for use in criminal damage,A no further action disposal,,
Person search,2018-12-30T05:15:00+00:00,,,,,Male,,Other ethnic group - Not stated,White,Police and Criminal Evidence Act 1984 (section 1),Fireworks,Arrest,,
Person and Vehicle search,2018-12-30T20:33:00+00:00,,,,,Male,25-34,Asian/Asian British - Pakistani,Asian,Misuse of Drugs Act 1971 (section 23),Articles for use in criminal damage,Penalty Notice for Disorder,,
Person search,2018-12-30T22:00:00+00:00,,,,,Male,10-17,Other ethnic group - Not stated,White,Police and Criminal Evidence Act 1984 (section 1),,A no further action disposal,,
Person search,2018-12-30T22:10:00+00:00,,,,,Male,10-17,Mixed/Multiple ethnic groups - Any other Mixed/Multiple ethnic background,White,Police and Criminal Evidence Act 1984 (section 1),,A no further action disposal,,
Person and Vehicle search,2018-12-31T00:19:00+00:00,,,,,Male,25-34,Other ethnic group - Not stated,White,Misuse of Drugs Act 1971 (section 23),Articles for use in criminal damage,A no further action disposal,,
Person search,2018-12-31T00:20:00+00:00,,,,,Male,over 34,Other ethnic group - Not stated,White,Police and Criminal Evidence Act 1984 (section 1),Fireworks,Arrest,,
Person and Vehicle search,2018-12-31T01:45:00+00:00,,,,,Male,25-34,Asian/Asian British - Chinese,Asian,Misuse of Drugs Act 1971 (section 23),Articles for use in criminal damage,A no further action disposal,,
Person and Vehicle search,2018-12-31T02:00:00+00:00,,,,,Male,18-24,Mixed/Multiple ethnic groups - Any other Mixed/Multiple ethnic background,Asian,Misuse of Drugs Act 1971 (section 23),Articles for use in criminal damage,A no further action disposal,,
Person search,2018-12-31T02:50:00+00:00,,,,,Male,over 34,Other ethnic group - Not stated,White,Police and Criminal Evidence Act 1984 (section 1),,Arrest,,
Person search,2018-12-31T05:07:00+00:00,,,,,Male,10-17,Other ethnic group - Not stated,White,Police and Criminal Evidence Act 1984 (section 1),Fireworks,A no further action disposal,,
Vehicle search,2018-12-31T12:30:00+00:00,,,,,,,,,Misuse of Drugs Act 1971 (section 23),,Arrest,,
Person and Vehicle search,2018-12-31T20:45:00+00:00,,,54.076278,-2.765962,Male,18-24,Other ethnic group - Not stated,White,Misuse of Drugs Act 1971 (section 23),Articles for use in criminal damage,Arrest,,
